decimallongitude,decimallatitude,date_year,scientificname,depth
146.86223,-19.15688,2004.0,Montipora foliosa,2.0
145.69226,-16.7293,2004.0,Montipora foliosa,5.0
148.81218,-20.25342,2004.0,Montipora foliosa,2.0
146.43265,-18.8107,2004.0,Montipora foliosa,5.0
145.49689,-16.2924,2004.0,Montipora foliosa,5.0
149.38855,-20.91122,2004.0,Montipora foliosa,2.0
149.42131,-20.92735,2004.0,Montipora foliosa,2.0
149.39082,-20.91182,2004.0,Montipora foliosa,5.0
148.49724,-20.08018,2004.0,Montipora foliosa,2.0
148.51385,-20.08112,2004.0,Montipora foliosa,2.0
145.50697,-16.30183,2004.0,Montipora foliosa,5.0
146.09157,-17.21947,2004.0,Montipora foliosa,5.0
146.0768,-17.20405,2004.0,Montipora foliosa,2.0
145.52596,-16.51325,2004.0,Montipora foliosa,5.0
145.52571,-16.51348,2004.0,Montipora foliosa,2.0
148.80322,-20.30173,2004.0,Montipora foliosa,5.0
149.42363,-20.92591,2004.0,Montipora foliosa,2.0
149.42363,-20.92591,2004.0,Montipora foliosa,5.0
146.84877,-19.1713,2004.0,Montipora foliosa,2.0
149.44308,-20.90373,2004.0,Montipora foliosa,5.0
146.81058,-19.19468,2004.0,Montipora foliosa,2.0
145.68954,-16.72698,2004.0,Montipora foliosa,2.0
145.49689,-16.2924,2004.0,Montipora foliosa,2.0
148.51385,-20.08112,2004.0,Montipora foliosa,5.0
148.606,-20.133,1995.0,Montipora foliosa,3.0
145.47,-15.736,1995.0,Montipora foliosa,5.0
149.04033,-20.23566,1995.0,Montipora foliosa,3.0
148.60867,-20.102,1995.0,Montipora foliosa,3.0
145.31667,-15.13333,1995.0,Montipora foliosa,5.0
148.48784,-20.07733,1994.0,Montipora foliosa,2.0
146.57784,-17.569,1996.0,Montipora foliosa,9.0
148.62433,-20.01533,1995.0,Montipora foliosa,3.0
146.563,-17.57966,1996.0,Montipora foliosa,3.0
145.56334,-16.3875,1995.0,Montipora foliosa,3.0
148.36034,-19.98783,1995.0,Montipora foliosa,3.0
146.563,-17.57966,1996.0,Montipora foliosa,12.0
146.4225,-17.70683,1996.0,Montipora foliosa,3.0
145.76216,-16.12717,1995.0,Montipora foliosa,7.0
148.554,-19.99567,1995.0,Montipora foliosa,3.0
146.38783,-17.7095,1996.0,Montipora foliosa,3.0
146.29184,-18.14917,1997.0,Montipora foliosa,6.0
146.2825,-18.1485,1997.0,Montipora foliosa,6.0
148.50833,-20.07817,1995.0,Montipora foliosa,3.0
149.0745,-20.16133,1995.0,Montipora foliosa,3.0
148.57133,-20.09566,1994.0,Montipora foliosa,4.0
148.88733,-20.16566,1995.0,Montipora foliosa,3.0
148.71317,-20.11266,1995.0,Montipora foliosa,3.0
145.44983,-15.64983,1995.0,Montipora foliosa,5.0
145.44583,-15.643,1995.0,Montipora foliosa,6.0
149.10567,-20.266,1995.0,Montipora foliosa,8.0
145.38333,-15.7,1995.0,Montipora foliosa,7.0
145.40134,-15.716,1995.0,Montipora foliosa,3.0
145.40134,-15.716,1995.0,Montipora foliosa,7.0
146.07384,-17.20666,1995.0,Montipora foliosa,6.0
145.36333,-15.71733,1995.0,Montipora foliosa,2.0
145.36583,-15.72333,1995.0,Montipora foliosa,2.0
145.36617,-15.72966,1995.0,Montipora foliosa,4.0
148.90567,-20.1455,1995.0,Montipora foliosa,8.0
146.00766,-17.15183,1996.0,Montipora foliosa,5.0
146.00766,-17.15183,1996.0,Montipora foliosa,10.0
146.01466,-17.15366,1996.0,Montipora foliosa,8.0
148.95134,-20.30833,1995.0,Montipora foliosa,3.0
146.09483,-17.22533,1996.0,Montipora foliosa,3.0
146.09483,-17.22533,1996.0,Montipora foliosa,12.0
146.07883,-17.2035,1996.0,Montipora foliosa,4.0
148.481,-20.06567,1994.0,Montipora foliosa,2.0
145.46783,-15.73866,1995.0,Montipora foliosa,0.0
120.77025,21.95188,2011.0,Montipora foliosa,0.0
120.77025,21.95188,2014.0,Montipora foliosa,0.0
120.71516,21.97253,2011.0,Montipora foliosa,0.0
120.74481,21.93011,2010.0,Montipora foliosa,0.0
120.74481,21.93011,2003.0,Montipora foliosa,0.0
120.74481,21.93011,2005.0,Montipora foliosa,0.0
120.74481,21.93011,2008.0,Montipora foliosa,0.0
120.74481,21.93011,2010.0,Montipora foliosa,0.0
120.74481,21.93011,2011.0,Montipora foliosa,0.0
120.76971,21.95242,2011.0,Montipora foliosa,0.0
120.76897,21.95321,2011.0,Montipora foliosa,0.0
120.82933,21.92355,2005.0,Montipora foliosa,0.0
120.76897,21.95321,2014.0,Montipora foliosa,0.0
120.82933,21.92355,2003.0,Montipora foliosa,0.0
120.82933,21.92355,2004.0,Montipora foliosa,0.0
120.82933,21.92355,2008.0,Montipora foliosa,0.0
120.82933,21.92355,2009.0,Montipora foliosa,0.0
120.82933,21.92355,2010.0,Montipora foliosa,0.0
120.82933,21.92355,2011.0,Montipora foliosa,0.0
120.82933,21.92355,2014.0,Montipora foliosa,0.0
120.7036,21.99502,2011.0,Montipora foliosa,0.0
144.655,13.4496667,2003.0,Montipora foliosa,
93.1527,10.6165,1982.0,Montipora foliosa,
92.9899,12.6751,1965.0,Montipora foliosa,
92.9899,12.6751,1965.0,Montipora foliosa,
68.96666667,22.21666667,2008.0,Montipora foliosa,
70.11666667,21.11666667,2008.0,Montipora foliosa,
69.6,21.58333333,2008.0,Montipora foliosa,
70.76666667,20.68333333,2008.0,Montipora foliosa,
144.655,13.4496667,2003.0,Montipora foliosa,
57.72,-19.93,1987.0,Montipora foliosa,
40.81,-5.35,1987.0,Montipora foliosa,
36.7,-20.65,1987.0,Montipora foliosa,
43.54,-23.42,1987.0,Montipora foliosa,
79.5,7.71,1987.0,Montipora foliosa,
72.62,0.071,1987.0,Montipora foliosa,
55.18,-21.16,1987.0,Montipora foliosa,
57.72,-19.93,1987.0,Montipora foliosa,
63.43,-19.75,1987.0,Montipora foliosa,
96.87,-12.159,1987.0,Montipora foliosa,
93.36,8.11,1987.0,Montipora foliosa,
55.34,-4.53,1987.0,Montipora foliosa,
72.62,0.071,1987.0,Montipora foliosa,
72.62,0.071,1987.0,Montipora foliosa,
57.72,-19.93,1987.0,Montipora foliosa,
40.81,-5.35,1987.0,Montipora foliosa,
36.7,-20.65,1987.0,Montipora foliosa,
43.54,-23.42,1987.0,Montipora foliosa,
79.5,7.71,1987.0,Montipora foliosa,
72.62,0.071,1987.0,Montipora foliosa,
55.18,-21.16,1987.0,Montipora foliosa,
57.72,-19.93,1987.0,Montipora foliosa,
63.43,-19.75,1987.0,Montipora foliosa,
96.87,-12.159,1987.0,Montipora foliosa,
93.36,8.11,1987.0,Montipora foliosa,
55.34,-4.53,1987.0,Montipora foliosa,
71.3,-6.52,1987.0,Montipora foliosa,
71.3,-6.52,1987.0,Montipora foliosa,
96.817,-11.82966,1989.0,Montipora foliosa,
96.83823,-12.08743,1989.0,Montipora foliosa,
96.88246,-12.09598,1989.0,Montipora foliosa,
124.26278,24.40233,1994.0,Montipora foliosa,
124.25611,24.36737,1994.0,Montipora foliosa,
124.05142,24.30542,1998.0,Montipora foliosa,
142.19414,27.10533,1999.0,Montipora foliosa,
124.02436,24.25111,1994.0,Montipora foliosa,
123.99286,24.23681,1994.0,Montipora foliosa,
125.30292,24.91646,2004.0,Montipora foliosa,
123.96053,24.31136,2005.0,Montipora foliosa,
142.17586,26.61786,1969.0,Montipora foliosa,
123.95808,24.29681,2006.0,Montipora foliosa,
124.00847,24.21263,2006.0,Montipora foliosa,
124.16026,24.45494,1985.0,Montipora foliosa,
124.12978,24.48075,1986.0,Montipora foliosa,
124.25417,24.36261,1986.0,Montipora foliosa,
126.78333,26.16667,1932.0,Montipora foliosa,
123.99608,24.23343,1990.0,Montipora foliosa,
123.99608,24.23343,1991.0,Montipora foliosa,
123.98631,24.25719,1990.0,Montipora foliosa,
129.20097,29.13773,1967.0,Montipora foliosa,
129.0337,27.74461,1966.0,Montipora foliosa,
124.26281,24.42221,1989.0,Montipora foliosa,
123.99236,24.23754,1991.0,Montipora foliosa,
123.83333,24.16667,1930.0,Montipora foliosa,
123.98786,24.23964,1990.0,Montipora foliosa,
124.20978,24.35051,2002.0,Montipora foliosa,
123.67956,24.31464,1989.0,Montipora foliosa,
124.15928,24.45679,1989.0,Montipora foliosa,
124.13517,24.4808,1989.0,Montipora foliosa,
142.16058,26.63845,1969.0,Montipora foliosa,
142.19947,27.12029,1968.0,Montipora foliosa,
124.07375,24.33122,2005.0,Montipora foliosa,
142.14781,26.68526,1969.0,Montipora foliosa,
142.12681,26.59967,1969.0,Montipora foliosa,
127.34436,26.14726,1973.0,Montipora foliosa,
127.33567,26.16255,1973.0,Montipora foliosa,
129.20097,29.13773,1967.0,Montipora foliosa,
129.32561,29.21815,1967.0,Montipora foliosa,
129.71156,28.42263,1967.0,Montipora foliosa,
129.27731,28.14888,1967.0,Montipora foliosa,
124.21161,24.46104,1995.0,Montipora foliosa,
123.99286,24.23681,1993.0,Montipora foliosa,
124.25872,24.39688,1994.0,Montipora foliosa,
124.25656,24.39364,1994.0,Montipora foliosa,
124.25783,24.39205,1994.0,Montipora foliosa,
124.25511,24.37281,1994.0,Montipora foliosa,
124.256,24.37072,1994.0,Montipora foliosa,
124.05142,24.30542,1998.0,Montipora foliosa,
124.03175,24.25908,1998.0,Montipora foliosa,
124.01075,24.21258,1998.0,Montipora foliosa,
128.44504,27.06198,1967.0,Montipora foliosa,
124.00247,24.30917,2006.0,Montipora foliosa,
129.45226,28.40855,1998.0,Montipora foliosa,
128.46394,27.02245,1967.0,Montipora foliosa,
128.45463,27.01759,1967.0,Montipora foliosa,
125.45769,24.73202,2010.0,Montipora foliosa,
123.94477,24.22578,1973.0,Montipora foliosa,
127.86065,26.30592,1975.0,Montipora foliosa,
124.25775,24.38285,1985.0,Montipora foliosa,
125.33,24.71806,2013.0,Montipora foliosa,
124.20818,24.46006,1995.0,Montipora foliosa,
124.18683,24.45714,1986.0,Montipora foliosa,
127.85967,26.62876,1986.0,Montipora foliosa,
142.19462,27.10521,1986.0,Montipora foliosa,
124.15586,24.28799,2006.0,Montipora foliosa,
124.26179,24.40534,1989.0,Montipora foliosa,
124.26131,24.4101,1989.0,Montipora foliosa,
124.26333,24.41009,1989.0,Montipora foliosa,
124.26144,24.41466,1989.0,Montipora foliosa,
142.19369,27.08436,1990.0,Montipora foliosa,
124.2642,24.41842,1989.0,Montipora foliosa,
142.2,27.08333,1931.0,Montipora foliosa,
123.99608,24.23343,1990.0,Montipora foliosa,
123.67309,24.31942,1992.0,Montipora foliosa,
127.23034,26.16415,1992.0,Montipora foliosa,
129.03475,27.77488,1992.0,Montipora foliosa,
142.15996,26.63362,1931.0,Montipora foliosa,
124.12672,24.35542,1989.0,Montipora foliosa,
124.2583,24.42185,1989.0,Montipora foliosa,
124.26122,24.40836,1989.0,Montipora foliosa,
124.25361,24.36327,1989.0,Montipora foliosa,
124.25289,24.35952,1989.0,Montipora foliosa,
124.21767,24.34787,1989.0,Montipora foliosa,
123.99608,24.23343,1990.0,Montipora foliosa,
123.99608,24.23343,1991.0,Montipora foliosa,
124.03292,24.22583,1991.0,Montipora foliosa,
123.99236,24.23754,1991.0,Montipora foliosa,
123.150001526,9.57166957855,1978.0,Montipora foliosa,13.5
165.43888855,11.6277799606,1947.0,Montipora foliosa,36.5
44.216667,-20.383333,1766.0,Montipora foliosa,
93.736115,7.237777,1766.0,Montipora foliosa,
79.0,8.5,1766.0,Montipora foliosa,
57.3575,-20.380833,1766.0,Montipora foliosa,
63.420277,-19.678333,1766.0,Montipora foliosa,
55.230556,-20.615278,1766.0,Montipora foliosa,
69.5,22.6,1766.0,Montipora foliosa,
21.116667,-55.533333,1766.0,Montipora foliosa,
93.0,10.0,1766.0,Montipora foliosa,
79.0,8.5,1766.0,Montipora foliosa,
72.5,11.0,1766.0,Montipora foliosa,
69.5,22.6,1766.0,Montipora foliosa,
165.43888855,11.6277799606,1947.0,Montipora foliosa,19.5
120.275001526,14.0625,1908.0,Montipora foliosa,20.0
123.150001526,9.57166957855,1978.0,Montipora foliosa,13.5
103.0,5.78299999237,1977.0,Montipora foliosa,12.0
103.0,5.78299999237,1977.0,Montipora foliosa,12.0
104.155,2.825,2004.0,Montipora foliosa,6.0
118.25,-8.2,1984.0,Montipora foliosa,
121.1,-6.4,1984.0,Montipora foliosa,
120.5,-6.3,1984.0,Montipora foliosa,
119.17,-4.8,1984.0,Montipora foliosa,
119.7,-8.5,1984.0,Montipora foliosa,
129.875,-4.534719944,1975.0,Montipora foliosa,3.0
119.271667,-5.033333,1980.0,Montipora foliosa,2.0
119.078056,-4.978889,1980.0,Montipora foliosa,2.0
119.343889,-5.123611,1979.0,Montipora foliosa,2.0
119.285556,-5.104722,1979.0,Montipora foliosa,2.0
119.096389,-5.031667,1980.0,Montipora foliosa,2.0
119.343889,-5.123611,1979.0,Montipora foliosa,4.0
119.343056,-4.958056,1980.0,Montipora foliosa,0.0
119.343056,-4.958056,1980.0,Montipora foliosa,8.0
119.343056,-4.958056,1980.0,Montipora foliosa,1.0
119.328889,-5.0475,1980.0,Montipora foliosa,2.0
119.285556,-5.104722,1979.0,Montipora foliosa,0.0
145.17999,-14.677,2008.0,Montipora foliosa,
145.44701,-14.6988,2005.0,Montipora foliosa,
37.90620041,-0.023559101,1992.0,Montipora foliosa,
35.2000007629,-24.3500003815,,Montipora foliosa,
120.949996948,13.5200004578,,Montipora foliosa,
126.5,25.5,,Montipora foliosa,
120.949996948,13.5200004578,,Montipora foliosa,
120.0,8.0,,Montipora foliosa,
113.75,-22.0,,Montipora foliosa,3.0
114.5,15.8500003815,,Montipora foliosa,27.0
114.5,15.8500003815,,Montipora foliosa,21.0
165.440002441,11.6300001144,,Montipora foliosa,20.0
93.7600021362,7.21000003815,,Montipora foliosa,
119.26499939,-17.3500003815,,Montipora foliosa,25.5
93.7600021362,7.21000003815,,Montipora foliosa,
122.069999695,6.90000009537,,Montipora foliosa,
113.75,-22.0,,Montipora foliosa,3.0
-162.399993896,5.80000019073,,Montipora foliosa,
-162.399993896,5.80000019073,,Montipora foliosa,
123.029998779,-12.279999733,,Montipora foliosa,
114.5,15.8500003815,,Montipora foliosa,27.0
179.429992676,-17.8500003815,,Montipora foliosa,
33.5,-25.3199996948,,Montipora foliosa,
73.25,3.75,,Montipora foliosa,
119.26499939,-17.3500003815,,Montipora foliosa,25.5
79.0899963379,9.42000007629,,Montipora foliosa,
119.26499939,-17.3500003815,,Montipora foliosa,25.5
165.330001831,11.6990003586,,Montipora foliosa,10.0
119.26499939,-17.3500003815,,Montipora foliosa,25.5
122.040000916,6.88000011444,,Montipora foliosa,
119.26499939,-17.3500003815,,Montipora foliosa,25.5
123.5,11.5,,Montipora foliosa,
113.790000916,-28.6350002289,,Montipora foliosa,
122.069999695,6.90000009537,,Montipora foliosa,
119.26499939,-17.3500003815,,Montipora foliosa,25.5
165.440002441,11.6300001144,,Montipora foliosa,10.5
119.26499939,-17.3500003815,,Montipora foliosa,25.5
79.0,8.5,,Montipora foliosa,
123.029998779,-12.279999733,,Montipora foliosa,
93.7600021362,7.21000003815,,Montipora foliosa,
-176.0,0.800000011921,,Montipora foliosa,
113.699996948,-28.4699993134,,Montipora foliosa,
165.330001831,11.6990003586,,Montipora foliosa,30.0
78.8867,8.9532,2006.0,Montipora foliosa,
93.736114502,7.23777723312,1766.0,Montipora foliosa,
63.4202766418,-19.6783332825,1766.0,Montipora foliosa,
69.5,22.6000003815,1766.0,Montipora foliosa,
44.2166671753,-20.3833332062,1766.0,Montipora foliosa,
55.230556488,-20.615278244,1766.0,Montipora foliosa,
21.1166667938,-55.5333328247,1766.0,Montipora foliosa,
57.3574981689,-20.3808326721,1766.0,Montipora foliosa,
69.5,22.6000003815,1766.0,Montipora foliosa,
93.0,10.0,1766.0,Montipora foliosa,
79.0,8.5,1766.0,Montipora foliosa,
79.0,8.5,1766.0,Montipora foliosa,
72.5,11.0,1766.0,Montipora foliosa,
113.925,-21.9555,1980.0,Montipora foliosa,1.5
113.7694,-22.3666,1977.0,Montipora foliosa,1.0
120.75,21.91667,1991.0,Montipora foliosa,
146.59,-18.68,,Montipora foliosa,
143.167,-9.867,,Montipora foliosa,
143.808,-12.132,,Montipora foliosa,
145.623,-14.597,,Montipora foliosa,
143.803,-12.119,,Montipora foliosa,
146.56,-18.661,,Montipora foliosa,
143.473,-11.914,,Montipora foliosa,
143.942,-13.169,,Montipora foliosa,
151.44,-17.25,,Montipora foliosa,
146.432,-18.814,,Montipora foliosa,
152.416,-21.5,,Montipora foliosa,
146.69,-18.73,,Montipora foliosa,
144.8168,-14.4255,,Montipora foliosa,
152.181,-23.627,,Montipora foliosa,
152.155,-23.635,,Montipora foliosa,
144.028,-11.694,,Montipora foliosa,
123.09,-12.26,,Montipora foliosa,
146.522,-18.774,,Montipora foliosa,
144.964,-14.524,,Montipora foliosa,
150.087,-20.951,,Montipora foliosa,
153.486,-26.978,,Montipora foliosa,
144.066,-9.912,,Montipora foliosa,
145.657,-14.693,,Montipora foliosa,
146.49,-18.56,,Montipora foliosa,
146.511,-18.659,,Montipora foliosa,
144.031,-11.592,,Montipora foliosa,
146.503,-18.657,,Montipora foliosa,
144.031,-11.587,,Montipora foliosa,
152.083,-23.5,,Montipora foliosa,
152.083,-23.5,,Montipora foliosa,
159.066,-31.533,,Montipora foliosa,
-176.0,0.800000012,,Montipora foliosa,
-162.3999939,5.800000191,,Montipora foliosa,
-162.3999939,5.800000191,,Montipora foliosa,
122.0400009,6.880000114,,Montipora foliosa,
122.0699997,6.900000095,,Montipora foliosa,
122.0699997,6.900000095,,Montipora foliosa,
123.0299988,-12.27999973,,Montipora foliosa,
123.0299988,-12.27999973,,Montipora foliosa,
123.1500015,9.571669579,1978.0,Montipora foliosa,13.5
123.1500015,9.571669579,1978.0,Montipora foliosa,13.5
129.875,-4.534719944,1975.0,Montipora foliosa,3.0
145.3166656,-15.13333321,1995.0,Montipora foliosa,5.0
145.363327,-15.71733284,1995.0,Montipora foliosa,2.0
145.3658295,-15.72333336,1995.0,Montipora foliosa,2.0
145.3661652,-15.72966671,1995.0,Montipora foliosa,4.0
145.3833313,-15.69999981,1995.0,Montipora foliosa,7.0
145.4013367,-15.7159996,1995.0,Montipora foliosa,7.0
145.4013367,-15.7159996,1995.0,Montipora foliosa,3.0
145.4458313,-15.64299965,1995.0,Montipora foliosa,6.0
145.4498291,-15.64983368,1995.0,Montipora foliosa,5.0
145.4678345,-15.73866653,1995.0,Montipora foliosa,0.0
145.4700012,-15.73600006,1995.0,Montipora foliosa,5.0
145.4968872,-16.29240036,,Montipora foliosa,5.0
145.4968872,-16.29240036,,Montipora foliosa,2.0
145.5069733,-16.30183411,,Montipora foliosa,5.0
145.5257111,-16.51348305,,Montipora foliosa,2.0
145.5259552,-16.51325035,,Montipora foliosa,5.0
145.5633392,-16.38750076,1995.0,Montipora foliosa,3.0
145.6895447,-16.72698402,,Montipora foliosa,2.0
145.6922607,-16.72929955,,Montipora foliosa,5.0
145.7621613,-16.12716675,1995.0,Montipora foliosa,7.0
146.0076599,-17.15183258,1996.0,Montipora foliosa,10.0
146.0076599,-17.15183258,1996.0,Montipora foliosa,5.0
146.0146637,-17.15366745,1996.0,Montipora foliosa,8.0
146.0738373,-17.20666695,1995.0,Montipora foliosa,6.0
146.0767975,-17.20405006,,Montipora foliosa,2.0
146.0788269,-17.20350075,1996.0,Montipora foliosa,4.0
146.091568,-17.21946716,,Montipora foliosa,5.0
146.0948334,-17.22533417,1996.0,Montipora foliosa,12.0
146.0948334,-17.22533417,1996.0,Montipora foliosa,3.0
146.2825012,-18.14850044,1997.0,Montipora foliosa,6.0
146.2918396,-18.14916611,1997.0,Montipora foliosa,6.0
146.3878326,-17.70949936,1996.0,Montipora foliosa,3.0
146.4225006,-17.70683289,1996.0,Montipora foliosa,3.0
146.4326477,-18.81069946,,Montipora foliosa,5.0
146.5630035,-17.57966614,1996.0,Montipora foliosa,12.0
146.5630035,-17.57966614,1996.0,Montipora foliosa,3.0
146.5778351,-17.56900024,1996.0,Montipora foliosa,9.0
146.8105774,-19.19468307,,Montipora foliosa,2.0
146.8487701,-19.17130089,,Montipora foliosa,2.0
146.8622284,-19.15688324,,Montipora foliosa,2.0
148.3603363,-19.98783302,1995.0,Montipora foliosa,3.0
148.4810028,-20.0656662,1994.0,Montipora foliosa,2.0
148.4878387,-20.07733345,1994.0,Montipora foliosa,2.0
148.4972382,-20.08018303,,Montipora foliosa,2.0
148.5083313,-20.07816696,1995.0,Montipora foliosa,3.0
148.513855,-20.08111572,,Montipora foliosa,5.0
148.513855,-20.08111572,,Montipora foliosa,2.0
148.5540009,-19.9956665,1995.0,Montipora foliosa,3.0
148.5713348,-20.09566689,1994.0,Montipora foliosa,4.0
148.6060028,-20.13299942,1995.0,Montipora foliosa,3.0
148.6086731,-20.10199928,1995.0,Montipora foliosa,3.0
148.6243286,-20.01533318,1995.0,Montipora foliosa,3.0
148.7131653,-20.11266708,1995.0,Montipora foliosa,3.0
148.8032227,-20.30173302,,Montipora foliosa,5.0
148.8121796,-20.25341606,,Montipora foliosa,2.0
148.8873291,-20.16566658,1995.0,Montipora foliosa,3.0
148.9056702,-20.14550018,1995.0,Montipora foliosa,8.0
148.9513397,-20.30833244,1995.0,Montipora foliosa,3.0
149.040329,-20.23566628,1995.0,Montipora foliosa,3.0
149.0744934,-20.16133308,1995.0,Montipora foliosa,3.0
149.1056671,-20.26600075,1995.0,Montipora foliosa,8.0
149.3885498,-20.91121674,,Montipora foliosa,2.0
149.3908234,-20.91181755,,Montipora foliosa,5.0
149.4213104,-20.92734909,,Montipora foliosa,2.0
149.4236298,-20.92591667,,Montipora foliosa,5.0
149.4236298,-20.92591667,,Montipora foliosa,2.0
149.4430847,-20.90373421,,Montipora foliosa,5.0
179.4299927,-17.85000038,,Montipora foliosa,
37.90620041,-0.023559101,1992.0,Montipora foliosa,
145.01667,-16.58333,1974.0,Montipora foliosa,
152.16666,-23.95,1954.0,Montipora foliosa,
152.16666,-23.95,1954.0,Montipora foliosa,
152.16666,-23.95,1954.0,Montipora foliosa,
152.16666,-23.95,1954.0,Montipora foliosa,
145.56,-16.38,1954.0,Montipora foliosa,
146.55,-18.66667,,Montipora foliosa,
151.91666,-23.45,,Montipora foliosa,
151.91666,-23.45,,Montipora foliosa,
145.56,-16.38,,Montipora foliosa,
151.91666,-23.45,1950.0,Montipora foliosa,
151.28333,-23.53333,1954.0,Montipora foliosa,
146.88333,-18.48333,,Montipora foliosa,
147.75,-18.91667,,Montipora foliosa,
153.5,-27.0,,Montipora foliosa,
146.88333,-18.48333,,Montipora foliosa,
147.75,-18.91667,,Montipora foliosa,
146.81666,-19.18333,,Montipora foliosa,
146.81666,-19.18333,,Montipora foliosa,
145.56666,-16.38333,,Montipora foliosa,
147.75,-18.91667,,Montipora foliosa,
146.88333,-18.48333,,Montipora foliosa,
144.03333,-11.61666,1979.0,Montipora foliosa,
147.75,-18.91667,,Montipora foliosa,
148.33333,-17.66667,,Montipora foliosa,
147.75,-18.91667,,Montipora foliosa,
147.75,-18.91667,,Montipora foliosa,
147.75,-18.91667,,Montipora foliosa,
147.75,-18.91667,,Montipora foliosa,
147.75,-18.91667,,Montipora foliosa,
144.03333,-11.61666,,Montipora foliosa,
146.88333,-18.48333,,Montipora foliosa,
147.75,-18.91667,,Montipora foliosa,
146.88333,-18.48333,,Montipora foliosa,
146.88333,-18.48333,,Montipora foliosa,
146.5,-18.66667,,Montipora foliosa,
146.43333,-18.81666,,Montipora foliosa,
143.78333,-12.13333,,Montipora foliosa,
146.88333,-18.48333,,Montipora foliosa,
146.88333,-18.48333,,Montipora foliosa,
147.75,-18.91667,,Montipora foliosa,
147.75,-18.91667,,Montipora foliosa,
151.73333,-17.41667,,Montipora foliosa,
144.0,-11.7,,Montipora foliosa,
143.95,-13.16667,1979.0,Montipora foliosa,
146.51667,-18.68333,,Montipora foliosa,
143.78333,-12.13333,,Montipora foliosa,
146.56666,-18.71667,,Montipora foliosa,
143.95,-13.16667,1979.0,Montipora foliosa,
152.41666,-21.5,,Montipora foliosa,
146.56666,-18.71667,,Montipora foliosa,
146.51667,-18.76667,,Montipora foliosa,
146.5,-18.66667,,Montipora foliosa,
145.61667,-14.6,,Montipora foliosa,
144.03333,-11.61666,1979.0,Montipora foliosa,
146.56666,-18.66667,,Montipora foliosa,
143.46667,-11.91667,1979.0,Montipora foliosa,
143.78333,-12.13333,,Montipora foliosa,
144.03333,-11.61666,1979.0,Montipora foliosa,
143.78333,-12.13333,,Montipora foliosa,
146.56666,-18.71667,,Montipora foliosa,
144.03333,-11.61666,1979.0,Montipora foliosa,
145.56666,-16.38333,,Montipora foliosa,
146.56666,-18.66667,,Montipora foliosa,
146.5,-18.66667,,Montipora foliosa,
144.03333,-11.61666,1979.0,Montipora foliosa,
144.03333,-11.61666,1979.0,Montipora foliosa,
146.56666,-18.66667,,Montipora foliosa,
146.53333,-18.78333,,Montipora foliosa,
146.56666,-18.66667,,Montipora foliosa,
146.56666,-18.71667,,Montipora foliosa,
146.53333,-18.78333,,Montipora foliosa,
146.56666,-18.78333,,Montipora foliosa,
143.16666,-9.86666,1979.0,Montipora foliosa,
146.56666,-18.71667,,Montipora foliosa,
146.5,-18.66667,,Montipora foliosa,
144.81666,-14.43333,,Montipora foliosa,
145.61667,-14.6,,Montipora foliosa,
145.56666,-16.38333,,Montipora foliosa,
144.96667,-14.51666,1979.0,Montipora foliosa,
145.56666,-16.38333,,Montipora foliosa,
143.46667,-11.91667,1979.0,Montipora foliosa,
146.56666,-18.66667,,Montipora foliosa,
146.53333,-18.78333,,Montipora foliosa,
151.95,-23.45,,Montipora foliosa,
151.95,-23.45,,Montipora foliosa,
151.95,-23.45,,Montipora foliosa,
151.95,-23.45,,Montipora foliosa,
151.95,-23.45,,Montipora foliosa,
151.91666,-23.45,,Montipora foliosa,
151.91666,-23.45,,Montipora foliosa,
151.91666,-23.45,,Montipora foliosa,
151.91666,-23.45,,Montipora foliosa,
151.95,-23.45,,Montipora foliosa,
151.95,-23.45,,Montipora foliosa,
151.95,-23.45,,Montipora foliosa,
151.95,-23.45,,Montipora foliosa,
151.95,-23.45,1996.0,Montipora foliosa,
151.95,-23.45,1997.0,Montipora foliosa,
151.95,-23.45,1997.0,Montipora foliosa,
151.95,-23.45,1997.0,Montipora foliosa,
146.63333,-19.025,2004.0,Montipora foliosa,
156.83333,-8.11666,1999.0,Montipora foliosa,
165.525,11.625,2002.0,Montipora foliosa,
124.98666,-14.49166,2007.0,Montipora foliosa,
124.98666,-14.49166,2007.0,Montipora foliosa,
124.92333,-14.53833,2007.0,Montipora foliosa,
124.92333,-14.52167,2007.0,Montipora foliosa,
124.97333,-14.50833,2007.0,Montipora foliosa,
124.99333,-14.475,2007.0,Montipora foliosa,
124.925,-14.53833,2007.0,Montipora foliosa,
152.4,-23.91667,1971.0,Montipora foliosa,
151.81666,-23.23333,1971.0,Montipora foliosa,
151.81666,-23.23333,1971.0,Montipora foliosa,
151.81666,-23.23333,1971.0,Montipora foliosa,
151.81666,-23.23333,1971.0,Montipora foliosa,
151.81666,-23.23333,1971.0,Montipora foliosa,
151.81666,-23.23333,1971.0,Montipora foliosa,
151.81666,-23.23333,1971.0,Montipora foliosa,
151.81666,-23.23333,1971.0,Montipora foliosa,
151.81666,-23.23333,1971.0,Montipora foliosa,
164.02331,-20.16682,2007.0,Montipora foliosa,
146.5,-18.63333,1993.0,Montipora foliosa,
152.15,-23.63333,,Montipora foliosa,
152.15,-23.63333,,Montipora foliosa,
150.08333,-20.96667,,Montipora foliosa,
152.15,-23.63333,,Montipora foliosa,
152.15,-23.63333,,Montipora foliosa,
152.15,-23.63333,,Montipora foliosa,
151.13567,-5.08733,2002.0,Montipora foliosa,
150.08333,-20.95,1973.0,Montipora foliosa,
153.46667,-26.98333,1972.0,Montipora foliosa,
145.56,-16.38,1974.0,Montipora foliosa,
145.93333,-16.66667,1974.0,Montipora foliosa,
145.56,-16.38,1974.0,Montipora foliosa,
145.56,-16.38,1974.0,Montipora foliosa,
145.56,-16.38,1974.0,Montipora foliosa,
145.56,-16.38,1974.0,Montipora foliosa,
145.01667,-16.58333,1974.0,Montipora foliosa,
145.56,-16.38,1974.0,Montipora foliosa,
145.56,-16.38,1974.0,Montipora foliosa,
116.8953,-20.4094,1998.0,Montipora foliosa,
121.8755,-14.0898,2015.0,Montipora foliosa,
119.2555,-17.2555,1982.0,Montipora foliosa,
113.925,-21.9555,1980.0,Montipora foliosa,
119.2555,-17.2555,1982.0,Montipora foliosa,
119.2555,-17.2555,1982.0,Montipora foliosa,
123.04898,-12.19365,1986.0,Montipora foliosa,
123.09214,-12.18423,1986.0,Montipora foliosa,
113.7694,-22.3666,1977.0,Montipora foliosa,
116.005,5.975,1992.0,Montipora foliosa,
116.0167,6.0116,1992.0,Montipora foliosa,
119.2555,-17.2555,1982.0,Montipora foliosa,
119.3706,-17.264,1982.0,Montipora foliosa,
119.3706,-17.264,1982.0,Montipora foliosa,
119.2555,-17.2555,1982.0,Montipora foliosa,
116.9772,-20.44,1998.0,Montipora foliosa,
116.8953,-20.4094,1998.0,Montipora foliosa,
121.8066,-14.1908,,Montipora foliosa,
119.894441842,8.88527347221,,Pseudanthias squamipinnis,
120.009499999,8.92514000303,,Pseudanthias squamipinnis,
119.822692233,8.7437280035,,Pseudanthias squamipinnis,
119.809996683,8.80859975818,,Pseudanthias squamipinnis,
119.814,9.04693,,Pseudanthias squamipinnis,
46.3157500004,-9.36692000505,2021.0,Pseudanthias squamipinnis,
46.2113,-9.37232,2021.0,Pseudanthias squamipinnis,
46.3305500008,-9.36686501031,2021.0,Pseudanthias squamipinnis,
46.2099500072,-9.37462504858,2021.0,Pseudanthias squamipinnis,
46.251150002,-9.3671900292,2021.0,Pseudanthias squamipinnis,
46.4295000017,-9.36983998098,2021.0,Pseudanthias squamipinnis,
46.201,-9.40153,2021.0,Pseudanthias squamipinnis,
47.666668,-10.083333,1954.0,Pseudanthias squamipinnis,
40.766666,-14.216666,,Pseudanthias squamipinnis,
130.202,31.336,2010.0,Pseudanthias squamipinnis,4.0
130.202,31.336,2010.0,Pseudanthias squamipinnis,4.0
130.202,31.336,2010.0,Pseudanthias squamipinnis,4.0
130.278611111,30.7783333333,2010.0,Pseudanthias squamipinnis,10.0
128.375,-3.53333333333,1992.0,Pseudanthias squamipinnis,0.5
130.409166667,30.8083333333,2010.0,Pseudanthias squamipinnis,7.5
130.261666667,30.785,2011.0,Pseudanthias squamipinnis,
130.261666667,30.785,2010.0,Pseudanthias squamipinnis,12.0
129.513333333,34.12,1973.0,Pseudanthias squamipinnis,
130.261666667,30.785,2010.0,Pseudanthias squamipinnis,7.5
139.378333333,34.0416666667,1973.0,Pseudanthias squamipinnis,
139.541666667,34.05,1975.0,Pseudanthias squamipinnis,2.0
131.216666667,25.8666666667,2014.0,Pseudanthias squamipinnis,
71.8138888889,-5.44944444444,1979.0,Pseudanthias squamipinnis,
72.2027777778,-5.35083333333,1979.0,Pseudanthias squamipinnis,
72.2083333333,-5.34472222222,1979.0,Pseudanthias squamipinnis,
72.20917,-5.34417,1979.0,Pseudanthias squamipinnis,
71.7483333333,-5.41777777778,1979.0,Pseudanthias squamipinnis,
71.7811111111,-5.4225,1979.0,Pseudanthias squamipinnis,
71.7583333333,-5.38416666667,1979.0,Pseudanthias squamipinnis,
71.8119444444,-5.45055555556,1979.0,Pseudanthias squamipinnis,
72.2105555556,-5.34388888889,1979.0,Pseudanthias squamipinnis,
72.2280555556,-5.36333333333,1979.0,Pseudanthias squamipinnis,
72.2622222222,-5.30111111111,1979.0,Pseudanthias squamipinnis,
34.8916666667,29.5,1968.0,Pseudanthias squamipinnis,
34.8916666667,29.5,1969.0,Pseudanthias squamipinnis,
178.521944444,-18.1872222222,1983.0,Pseudanthias squamipinnis,
123.448888889,9.21166666667,1987.0,Pseudanthias squamipinnis,
123.166666667,9.61666666667,1987.0,Pseudanthias squamipinnis,
123.385,9.43666666667,1987.0,Pseudanthias squamipinnis,
73.499342,4.435107,1988.0,Pseudanthias squamipinnis,
45.2216666667,-12.9483333333,1988.0,Pseudanthias squamipinnis,
45.2125,-12.9811111111,1988.0,Pseudanthias squamipinnis,
43.7077777778,-12.3852777778,1988.0,Pseudanthias squamipinnis,
105.566666667,-10.45,1986.0,Pseudanthias squamipinnis,
30.9169006348,-30.25017039,1992.0,Pseudanthias squamipinnis,
98.3263888889,7.47083333333,1993.0,Pseudanthias squamipinnis,
98.3680555556,7.58611111111,1993.0,Pseudanthias squamipinnis,
97.6775,8.66083333333,1993.0,Pseudanthias squamipinnis,
32.6991666667,-27.4847222222,2001.0,Pseudanthias squamipinnis,
32.6972222222,-27.5233333333,2001.0,Pseudanthias squamipinnis,
32.7019444444,-27.5027777778,2001.0,Pseudanthias squamipinnis,
32.6897222222,-27.5219444444,2001.0,Pseudanthias squamipinnis,
32.6977777778,-27.5188888889,2001.0,Pseudanthias squamipinnis,
32.6930555556,-27.5316666667,2001.0,Pseudanthias squamipinnis,
32.7172222222,-27.4480555556,2001.0,Pseudanthias squamipinnis,
130.261666667,30.785,2010.0,Pseudanthias squamipinnis,9.5
130.261666667,30.775,2011.0,Pseudanthias squamipinnis,
130.261666667,30.785,2010.0,Pseudanthias squamipinnis,12.0
130.409166667,30.8083333333,2011.0,Pseudanthias squamipinnis,
130.261666667,30.785,2010.0,Pseudanthias squamipinnis,12.0
129.353333333,28.1266666667,1991.0,Pseudanthias squamipinnis,3.0
129.196666667,28.2,2006.0,Pseudanthias squamipinnis,10.5
139.133333333,34.88,1990.0,Pseudanthias squamipinnis,15.0
129.343333333,28.1283333333,1991.0,Pseudanthias squamipinnis,12.0
130.261666667,30.785,2011.0,Pseudanthias squamipinnis,
153.5,-28.116667,1977.0,Pseudanthias squamipinnis,
131.583333333,34.0333333333,1954.0,Pseudanthias squamipinnis,
130.261666667,30.785,2010.0,Pseudanthias squamipinnis,12.0
130.278611111,30.775,2010.0,Pseudanthias squamipinnis,35.0
132.2325,5.35472,2008.0,Pseudanthias squamipinnis,
131.73905,2.87173333333,2008.0,Pseudanthias squamipinnis,
131.730116667,2.86308333333,2008.0,Pseudanthias squamipinnis,
132.306433333,4.30725,2008.0,Pseudanthias squamipinnis,
72.21,-5.34472222222,1979.0,Pseudanthias squamipinnis,
71.7580555556,-5.385,1979.0,Pseudanthias squamipinnis,
71.7583333333,-5.38416666667,1979.0,Pseudanthias squamipinnis,
71.3638888889,-6.16583333333,1979.0,Pseudanthias squamipinnis,
71.8158333333,-5.35083333333,1979.0,Pseudanthias squamipinnis,
71.8158333333,-5.45083333333,1979.0,Pseudanthias squamipinnis,
72.2044444444,-5.35527777778,1979.0,Pseudanthias squamipinnis,
71.7477777778,-5.39916666667,1979.0,Pseudanthias squamipinnis,
122.966,-12.2,1986.0,Pseudanthias squamipinnis,
72.2083333333,-5.34472222222,1979.0,Pseudanthias squamipinnis,
152.083,-23.5,1969.0,Pseudanthias squamipinnis,
146.05199,-16.69967,2006.0,Pseudanthias squamipinnis,
147.92101,-16.465,2006.0,Pseudanthias squamipinnis,
145.8051,-15.64817,2006.0,Pseudanthias squamipinnis,
145.80415,-15.60715,2006.0,Pseudanthias squamipinnis,
125.61286,-8.52096,2012.0,Pseudanthias squamipinnis,
125.60572,-8.52952,2012.0,Pseudanthias squamipinnis,
125.61286,-8.52096,2012.0,Pseudanthias squamipinnis,
152.083,-23.5,1973.0,Pseudanthias squamipinnis,
159.066,-31.533,1973.0,Pseudanthias squamipinnis,
45.0,-14.0,1975.0,Pseudanthias squamipinnis,
151.333,-32.5,,Pseudanthias squamipinnis,
159.03916,-31.5236,,Pseudanthias squamipinnis,
122.966,-12.2,1986.0,Pseudanthias squamipinnis,
159.066,-31.533,1973.0,Pseudanthias squamipinnis,
153.55,-29.416,1973.0,Pseudanthias squamipinnis,
159.03916,-31.5236,1973.0,Pseudanthias squamipinnis,
152.533,-32.433,1974.0,Pseudanthias squamipinnis,
144.416,-10.43783,1993.0,Pseudanthias squamipinnis,
144.54416,-10.33433,1993.0,Pseudanthias squamipinnis,
146.55,-13.9,1984.0,Pseudanthias squamipinnis,
30.0,-30.0,1992.0,Pseudanthias squamipinnis,
144.41483,-10.21932,1993.0,Pseudanthias squamipinnis,
144.59066,-10.15866,1993.0,Pseudanthias squamipinnis,
120.95083,13.53216,2000.0,Pseudanthias squamipinnis,
144.76966,-9.57116,1993.0,Pseudanthias squamipinnis,
57.516,-20.516,,Pseudanthias squamipinnis,
57.516,-20.533,,Pseudanthias squamipinnis,
144.59066,-10.15866,1993.0,Pseudanthias squamipinnis,
168.51749,-16.86749,1996.0,Pseudanthias squamipinnis,
144.59066,-10.15866,1993.0,Pseudanthias squamipinnis,
144.69799,-10.04533,1993.0,Pseudanthias squamipinnis,
152.083,-23.5,1966.0,Pseudanthias squamipinnis,
152.083,-23.5,1967.0,Pseudanthias squamipinnis,
152.083,-23.5,1969.0,Pseudanthias squamipinnis,
121.18182,13.48549,2000.0,Pseudanthias squamipinnis,
152.083,-23.5,1969.0,Pseudanthias squamipinnis,
152.083,-23.5,1969.0,Pseudanthias squamipinnis,
168.35666,-16.78999,1996.0,Pseudanthias squamipinnis,
121.103,13.53282,2000.0,Pseudanthias squamipinnis,
152.083,-23.5,1966.0,Pseudanthias squamipinnis,
152.083,-23.5,1966.0,Pseudanthias squamipinnis,
152.083,-23.5,1967.0,Pseudanthias squamipinnis,
152.083,-23.5,1969.0,Pseudanthias squamipinnis,
152.083,-23.5,1973.0,Pseudanthias squamipinnis,
152.083,-23.5,1967.0,Pseudanthias squamipinnis,
152.533,-32.45,1972.0,Pseudanthias squamipinnis,
145.833,-15.833,1981.0,Pseudanthias squamipinnis,
153.633,-28.616,1975.0,Pseudanthias squamipinnis,
145.516,-14.733,1975.0,Pseudanthias squamipinnis,
160.1,-9.0,1973.0,Pseudanthias squamipinnis,
160.066,-9.033,1973.0,Pseudanthias squamipinnis,
160.6,-8.866,1973.0,Pseudanthias squamipinnis,
152.233,-4.116,1973.0,Pseudanthias squamipinnis,
159.833,-9.366,1973.0,Pseudanthias squamipinnis,
160.066,-9.033,1973.0,Pseudanthias squamipinnis,
119.559997559,23.5699996948,1977.0,Pseudanthias squamipinnis,
152.233,-4.116,1973.0,Pseudanthias squamipinnis,
30.805278,-30.2825,2002.0,Pseudanthias squamipinnis,22.5
30.816668,-30.25,2003.0,Pseudanthias squamipinnis,20.0
30.828611,-30.258056,2002.0,Pseudanthias squamipinnis,15.0
40.36666667,-22.36666667,2011.0,Pseudanthias squamipinnis,
-174.0217167,-18.66811667,2016.0,Pseudanthias squamipinnis,6.0
-174.0173667,-18.66461667,2016.0,Pseudanthias squamipinnis,5.0
-174.0173667,-18.66461667,2016.0,Pseudanthias squamipinnis,5.0
-174.0807667,-18.72306667,2016.0,Pseudanthias squamipinnis,5.0
-174.0229833,-18.68765,2016.0,Pseudanthias squamipinnis,5.0
-174.0312167,-18.68946667,2016.0,Pseudanthias squamipinnis,10.0
-174.0354333,-18.6863,2016.0,Pseudanthias squamipinnis,10.0
-174.0354333,-18.6863,2016.0,Pseudanthias squamipinnis,10.0
-174.0249667,-18.69081667,2016.0,Pseudanthias squamipinnis,5.0
-174.69421,-19.93887,2017.0,Pseudanthias squamipinnis,9.0
-174.709,-19.957,2017.0,Pseudanthias squamipinnis,11.0
-174.2058,-18.17188,2017.0,Pseudanthias squamipinnis,13.1
-174.2058,-18.17188,2017.0,Pseudanthias squamipinnis,13.1
-174.0186333,-18.69368333,2017.0,Pseudanthias squamipinnis,6.0
-174.02125,-18.66758333,2017.0,Pseudanthias squamipinnis,5.0
-173.9955167,-18.64413333,2017.0,Pseudanthias squamipinnis,4.0
-174.0850833,-18.72418333,2017.0,Pseudanthias squamipinnis,4.0
-174.0850833,-18.72418333,2017.0,Pseudanthias squamipinnis,4.0
-174.0850833,-18.72418333,2017.0,Pseudanthias squamipinnis,4.0
-174.07795,-18.7483,2017.0,Pseudanthias squamipinnis,5.0
-174.0148167,-18.75631667,2017.0,Pseudanthias squamipinnis,6.0
-174.07435,-18.67166667,2017.0,Pseudanthias squamipinnis,7.0
-174.07435,-18.67166667,2017.0,Pseudanthias squamipinnis,7.0
-173.9955167,-18.64413333,2017.0,Pseudanthias squamipinnis,4.0
-173.9955167,-18.64413333,2017.0,Pseudanthias squamipinnis,4.0
-173.9955167,-18.64413333,2017.0,Pseudanthias squamipinnis,4.0
-173.9955167,-18.64413333,2017.0,Pseudanthias squamipinnis,4.0
-173.9955167,-18.64413333,2017.0,Pseudanthias squamipinnis,4.0
-174.299849,-19.649342,2018.0,Pseudanthias squamipinnis,7.0
-174.299849,-19.649342,2018.0,Pseudanthias squamipinnis,7.0
-174.308354,-19.730926,2018.0,Pseudanthias squamipinnis,5.0
-174.308354,-19.730926,2018.0,Pseudanthias squamipinnis,5.0
-174.371518,-19.748558,2018.0,Pseudanthias squamipinnis,7.0
-174.371518,-19.748558,2018.0,Pseudanthias squamipinnis,7.0
-174.4156,-19.834733,2018.0,Pseudanthias squamipinnis,6.0
-174.4156,-19.834733,2018.0,Pseudanthias squamipinnis,6.0
-174.4156,-19.834733,2018.0,Pseudanthias squamipinnis,6.0
-174.4156,-19.834733,2018.0,Pseudanthias squamipinnis,6.0
-174.4156,-19.834733,2018.0,Pseudanthias squamipinnis,6.0
-174.484583,-19.865667,2018.0,Pseudanthias squamipinnis,6.0
-174.484583,-19.865667,2018.0,Pseudanthias squamipinnis,6.0
-174.445887,-19.884541,2018.0,Pseudanthias squamipinnis,5.0
-174.501328,-19.972156,2018.0,Pseudanthias squamipinnis,7.0
-174.501328,-19.972156,2018.0,Pseudanthias squamipinnis,7.0
-174.498436,-19.958642,2018.0,Pseudanthias squamipinnis,6.0
-174.498436,-19.958642,2018.0,Pseudanthias squamipinnis,6.0
-174.498436,-19.958642,2018.0,Pseudanthias squamipinnis,6.0
-174.498436,-19.958642,2018.0,Pseudanthias squamipinnis,6.0
-174.70005,-19.935515,2018.0,Pseudanthias squamipinnis,6.0
-174.804023,-19.938668,2018.0,Pseudanthias squamipinnis,4.0
-174.804023,-19.938668,2018.0,Pseudanthias squamipinnis,4.0
-174.789923,-20.269412,2018.0,Pseudanthias squamipinnis,4.0
-175.026669,-21.100227,2018.0,Pseudanthias squamipinnis,7.0
-175.405574,-20.542331,2018.0,Pseudanthias squamipinnis,4.0
-175.405574,-20.542331,2018.0,Pseudanthias squamipinnis,4.0
-175.379378,-20.53384,2018.0,Pseudanthias squamipinnis,10.0
-175.379378,-20.53384,2018.0,Pseudanthias squamipinnis,10.0
-175.379378,-20.53384,2018.0,Pseudanthias squamipinnis,10.0
-175.379378,-20.53384,2018.0,Pseudanthias squamipinnis,10.0
-175.379378,-20.53384,2018.0,Pseudanthias squamipinnis,10.0
72.5,11.0,1855.0,Pseudanthias squamipinnis,
29.1499996185,-31.9666996002,,Pseudanthias squamipinnis,
31.0,-29.8833007812,1992.0,Pseudanthias squamipinnis,
31.0580005646,-29.8710002899,,Pseudanthias squamipinnis,
36.0833015442,-20.1667003632,1994.0,Pseudanthias squamipinnis,67.0
29.1499996185,-31.9666996002,,Pseudanthias squamipinnis,
31.0580005646,-29.8710002899,,Pseudanthias squamipinnis,
31.0580005646,-29.8710002899,1915.0,Pseudanthias squamipinnis,
31.0,-29.8833007812,1992.0,Pseudanthias squamipinnis,
23.033333,-34.033333,1932.0,Pseudanthias squamipinnis,
26.916666,-33.599998,1978.0,Pseudanthias squamipinnis,
32.683334,-27.516666,1979.0,Pseudanthias squamipinnis,
32.683334,-27.516666,1979.0,Pseudanthias squamipinnis,
32.683334,-27.516666,1979.0,Pseudanthias squamipinnis,
32.683334,-27.516666,1979.0,Pseudanthias squamipinnis,
32.683334,-27.516666,1979.0,Pseudanthias squamipinnis,
32.683334,-27.516666,1979.0,Pseudanthias squamipinnis,
32.683334,-27.516666,1979.0,Pseudanthias squamipinnis,
32.616665,-27.799999,1980.0,Pseudanthias squamipinnis,29.0
25.700001,-34.016666,1981.0,Pseudanthias squamipinnis,19.5
45.222221,-12.958333,1988.0,Pseudanthias squamipinnis,
120.739997864,22.0100002289,1986.0,Pseudanthias squamipinnis,
119.559997559,23.5699996948,1992.0,Pseudanthias squamipinnis,
120.709999084,21.9899997711,1989.0,Pseudanthias squamipinnis,
120.739997864,22.0100002289,1978.0,Pseudanthias squamipinnis,
120.720001221,22.0300006866,1991.0,Pseudanthias squamipinnis,
120.739997864,22.0100002289,1977.0,Pseudanthias squamipinnis,
120.760002136,21.9599990845,1977.0,Pseudanthias squamipinnis,
43.016666,-11.816667,1986.0,Pseudanthias squamipinnis,
43.666668,-12.35,1986.0,Pseudanthias squamipinnis,
45.266666,-12.866667,1986.0,Pseudanthias squamipinnis,
45.266666,-12.866667,1986.0,Pseudanthias squamipinnis,
43.016666,-11.816667,1986.0,Pseudanthias squamipinnis,
32.656666,-27.625,1976.0,Pseudanthias squamipinnis,
29.218197,-31.939947,1975.0,Pseudanthias squamipinnis,
32.683334,-27.516666,1976.0,Pseudanthias squamipinnis,
32.683334,-27.516666,1976.0,Pseudanthias squamipinnis,
45.216667,-12.983334,1986.0,Pseudanthias squamipinnis,
31.049999,-29.866667,1969.0,Pseudanthias squamipinnis,
45.216667,-12.983334,1986.0,Pseudanthias squamipinnis,
32.683334,-27.516666,,Pseudanthias squamipinnis,
32.683334,-27.516666,,Pseudanthias squamipinnis,
29.15,-31.983334,1974.0,Pseudanthias squamipinnis,
53.299999,-5.4,1954.0,Pseudanthias squamipinnis,
32.450001,-30.866667,1997.0,Pseudanthias squamipinnis,37.5
30.923056,-30.448334,1997.0,Pseudanthias squamipinnis,32.3500003815
31.049999,-29.866667,1962.0,Pseudanthias squamipinnis,
30.733334,-30.316668,1992.0,Pseudanthias squamipinnis,
39.143333,-17.085556,1998.0,Pseudanthias squamipinnis,5.0
32.694168,-27.52,1998.0,Pseudanthias squamipinnis,28.5
30.82361,-30.291111,1998.0,Pseudanthias squamipinnis,39.0
30.816668,-30.25,1994.0,Pseudanthias squamipinnis,29.0
30.817499,-30.299999,1999.0,Pseudanthias squamipinnis,25.75
30.816668,-30.299999,1999.0,Pseudanthias squamipinnis,28.0
32.916668,-26.4,1999.0,Pseudanthias squamipinnis,19.0
32.883301,-26.766701,1995.0,Pseudanthias squamipinnis,25.0
32.900002,-26.766666,1995.0,Pseudanthias squamipinnis,22.5
30.783333,-30.316668,1999.0,Pseudanthias squamipinnis,
30.816389,-30.300278,2000.0,Pseudanthias squamipinnis,29.0
30.810556,-30.280556,2000.0,Pseudanthias squamipinnis,21.5
39.183334,-6.166667,1952.0,Pseudanthias squamipinnis,
57.333332,-20.200001,,Pseudanthias squamipinnis,57.5
123.76667,9.883333,1995.0,Pseudanthias squamipinnis,31.0
29.85,-31.416666,1975.0,Pseudanthias squamipinnis,
30.463333,-30.903334,1997.0,Pseudanthias squamipinnis,37.5
32.683334,-27.516666,1997.0,Pseudanthias squamipinnis,37.5
30.755556,-30.385834,1998.0,Pseudanthias squamipinnis,40.0
46.3493133812,-9.42222923791,,Pseudanthias squamipinnis,
178.75025,-17.991733,2005.0,Pseudanthias squamipinnis,
178.733683,-18.005717,2005.0,Pseudanthias squamipinnis,
55.371,-4.6641,2005.0,Pseudanthias squamipinnis,14.0
30.829722,-30.259722,2002.0,Pseudanthias squamipinnis,28.0
93.0,10.0,1855.0,Pseudanthias squamipinnis,
97.78333,9.166667,1855.0,Pseudanthias squamipinnis,
54.0,12.0,1855.0,Pseudanthias squamipinnis,
55.230556,-20.615278,1855.0,Pseudanthias squamipinnis,
55.397,-4.6611,2005.0,Pseudanthias squamipinnis,10.6000003815
53.2672707222,12.4105308575,,Pseudanthias squamipinnis,
153.5,-28.11666,1977.0,Pseudanthias squamipinnis,
30.773611,-30.305278,2007.0,Pseudanthias squamipinnis,22.5
153.55,-27.41667,2005.0,Pseudanthias squamipinnis,
153.485,-26.97666,2008.0,Pseudanthias squamipinnis,
30.826111,-30.314167,2002.0,Pseudanthias squamipinnis,30.0
30.762778,-30.312222,2007.0,Pseudanthias squamipinnis,21.5
30.828611,-30.258056,2002.0,Pseudanthias squamipinnis,27.0
55.3752,-4.6366,2005.0,Pseudanthias squamipinnis,
38.401167,-17.531667,2002.0,Pseudanthias squamipinnis,17.5
30.816668,-30.25,2002.0,Pseudanthias squamipinnis,25.0
30.819444,-30.2725,2003.0,Pseudanthias squamipinnis,20.0
32.991883,-25.9671,2009.0,Pseudanthias squamipinnis,10.0
30.828611,-30.269444,2003.0,Pseudanthias squamipinnis,16.5
55.4355,-4.685833,2005.0,Pseudanthias squamipinnis,13.0
32.561417,-28.161,2009.0,Pseudanthias squamipinnis,20.0
30.75,-30.333333,2007.0,Pseudanthias squamipinnis,40.0
29.163055,-31.987223,1974.0,Pseudanthias squamipinnis,1.0
29.153889,-31.986389,1974.0,Pseudanthias squamipinnis,0.75
45.216667,-12.983334,1986.0,Pseudanthias squamipinnis,
32.683334,-27.516666,,Pseudanthias squamipinnis,
73.506667,4.43385,2010.0,Pseudanthias squamipinnis,
56.566667,-10.333333,1976.0,Pseudanthias squamipinnis,60.0
56.566667,-10.333333,1976.0,Pseudanthias squamipinnis,60.0
71.758056,-5.385,1979.0,Pseudanthias squamipinnis,16.0
72.21,-5.344722,1979.0,Pseudanthias squamipinnis,17.5
30.75,-30.333333,2010.0,Pseudanthias squamipinnis,35.0
43.6388893127,-12.3916664124,,Pseudanthias squamipinnis,
32.8833351135,-26.7666664124,,Pseudanthias squamipinnis,16.5
71.758333,-5.384167,1979.0,Pseudanthias squamipinnis,6.5
30.82,-30.28,2006.0,Pseudanthias squamipinnis,
55.3609,-4.6596,2005.0,Pseudanthias squamipinnis,14.0
30.827778,-30.264444,2007.0,Pseudanthias squamipinnis,26.75
45.2666664124,-12.8666667938,,Pseudanthias squamipinnis,
144.69799,-10.04533,1993.0,Pseudanthias squamipinnis,
144.54416,-10.33433,1993.0,Pseudanthias squamipinnis,
124.1588193,-9.29234943,2013.0,Pseudanthias squamipinnis,13.8
32.683334,-27.516666,1979.0,Pseudanthias squamipinnis,
124.3852662,-9.19177439,2013.0,Pseudanthias squamipinnis,12.75
31.0,-29.85,,Pseudanthias squamipinnis,
43.261681,-11.655118,1975.0,Pseudanthias squamipinnis,25.0
43.265999,-11.559908,1975.0,Pseudanthias squamipinnis,20.0
32.716667,-27.450001,1992.0,Pseudanthias squamipinnis,39.0
118.562501,2.281057,2006.0,Pseudanthias squamipinnis,5.0
97.636,8.572,1992.0,Pseudanthias squamipinnis,
98.481,7.761,1994.0,Pseudanthias squamipinnis,
121.04245,13.56725,2015.0,Pseudanthias squamipinnis,17.525
121.056133,13.54715,2015.0,Pseudanthias squamipinnis,20.575
38.8565,22.322017,2014.0,Pseudanthias squamipinnis,
152.083,-23.5,1969.0,Pseudanthias squamipinnis,
123.3074,9.307,1931.0,Pseudanthias squamipinnis,
158.630004883,-19.8999996185,,Pseudanthias squamipinnis,20.0
31.016666,-29.933332,1980.0,Pseudanthias squamipinnis,29.0
152.083,-23.5,1973.0,Pseudanthias squamipinnis,
120.945633,13.524133,2015.0,Pseudanthias squamipinnis,11.43
123.514556,9.1375,2016.0,Pseudanthias squamipinnis,2.44
151.91667,-23.45,1977.0,Pseudanthias squamipinnis,13.0
152.083,-23.5,1969.0,Pseudanthias squamipinnis,
178.399567,-18.159083,2002.0,Pseudanthias squamipinnis,12.035
178.399567,-18.159083,2002.0,Pseudanthias squamipinnis,12.035
178.399567,-18.159083,2002.0,Pseudanthias squamipinnis,12.035
120.977417,13.507283,2015.0,Pseudanthias squamipinnis,13.715
120.940167,13.523133,2015.0,Pseudanthias squamipinnis,26.52
120.98825,13.516033,2015.0,Pseudanthias squamipinnis,16.765
120.97805,13.507433,2015.0,Pseudanthias squamipinnis,22.1
120.9836,13.51085,2015.0,Pseudanthias squamipinnis,21.49
120.940967,13.513967,2015.0,Pseudanthias squamipinnis,23.625
121.045167,13.571933,2015.0,Pseudanthias squamipinnis,26.67
121.043117,13.5673,2015.0,Pseudanthias squamipinnis,2.435
121.058167,13.546383,2015.0,Pseudanthias squamipinnis,15.24
121.043033,13.56745,2015.0,Pseudanthias squamipinnis,8.995
121.083333,13.55,2015.0,Pseudanthias squamipinnis,15.24
121.066633,13.563917,2015.0,Pseudanthias squamipinnis,12.04
121.042267,13.572117,2015.0,Pseudanthias squamipinnis,22.86
121.098567,13.539383,2015.0,Pseudanthias squamipinnis,20.575
121.0429,13.573167,2015.0,Pseudanthias squamipinnis,21.03
121.094917,13.529133,2015.0,Pseudanthias squamipinnis,23.625
38.8864,22.309966666,2014.0,Pseudanthias squamipinnis,10.0
120.8825,13.69936111,2011.0,Pseudanthias squamipinnis,
38.996367,22.427867,2012.0,Pseudanthias squamipinnis,
38.77323056,22.07183889,2015.0,Pseudanthias squamipinnis,
39.93235,19.8421166667,2015.0,Pseudanthias squamipinnis,
35.30615,27.638367,2013.0,Pseudanthias squamipinnis,15.0
34.740667,28.404867,2013.0,Pseudanthias squamipinnis,
34.740667,28.404867,2013.0,Pseudanthias squamipinnis,14.0
120.84204,13.673898,2014.0,Pseudanthias squamipinnis,9.6
38.8565,22.322017,2014.0,Pseudanthias squamipinnis,
120.827278,13.688167,2016.0,Pseudanthias squamipinnis,25.91
120.827278,13.688167,2016.0,Pseudanthias squamipinnis,25.91
178.399,-18.1602,2002.0,Pseudanthias squamipinnis,42.0
152.083,-23.5,1973.0,Pseudanthias squamipinnis,
144.59066,-10.15866,1993.0,Pseudanthias squamipinnis,
178.381,-18.1411,1971.0,Pseudanthias squamipinnis,3.0
152.083,-23.5,1966.0,Pseudanthias squamipinnis,
123.411687,9.433558,,Pseudanthias squamipinnis,
39.75,-21.25,1991.0,Pseudanthias squamipinnis,
51.033333,-9.233334,1954.0,Pseudanthias squamipinnis,
30.781389,-30.250834,1998.0,Pseudanthias squamipinnis,25.0
159.1675,-31.6235832669,,Pseudanthias squamipinnis,
71.747778,-5.399167,1979.0,Pseudanthias squamipinnis,30.0
139.466659,34.099999,1977.0,Pseudanthias squamipinnis,
79.80799866,7.117000103,2005.0,Pseudanthias squamipinnis,
30.75,-30.33329964,2010.0,Pseudanthias squamipinnis,35.0
-175.2709961,-21.06599998,2005.0,Pseudanthias squamipinnis,
79.80799866,7.117000103,2005.0,Pseudanthias squamipinnis,
79.80799866,7.117000103,2005.0,Pseudanthias squamipinnis,
-175.2709961,-21.06599998,2005.0,Pseudanthias squamipinnis,
-175.2709961,-21.06599998,2005.0,Pseudanthias squamipinnis,
79.80799866,7.117000103,2005.0,Pseudanthias squamipinnis,
79.80799866,7.117000103,2005.0,Pseudanthias squamipinnis,
-175.2709961,-21.06599998,2005.0,Pseudanthias squamipinnis,
167.96,-29.07,2013.0,Pseudanthias squamipinnis,10.5
120.4789963,14.24600029,2006.0,Pseudanthias squamipinnis,
120.4789963,14.24600029,2006.0,Pseudanthias squamipinnis,
120.4789963,14.24600029,2006.0,Pseudanthias squamipinnis,
120.4789963,14.24600029,2006.0,Pseudanthias squamipinnis,
79.80799866,7.117000103,2006.0,Pseudanthias squamipinnis,
79.80799866,7.117000103,2006.0,Pseudanthias squamipinnis,
79.80799866,7.117000103,2006.0,Pseudanthias squamipinnis,
-174.98,-21.11,2012.0,Pseudanthias squamipinnis,8.0
-174.5,-19.96,2012.0,Pseudanthias squamipinnis,8.0
-174.33,-18.03,2012.0,Pseudanthias squamipinnis,11.0
-174.5,-19.96,2012.0,Pseudanthias squamipinnis,8.0
152.087898,-23.524627,,Pseudanthias squamipinnis,
98.326385498,7.47083330154,,Pseudanthias squamipinnis,5.3
168.356674194,-16.7900009155,,Pseudanthias squamipinnis,
30.8236103058,-30.2911109924,,Pseudanthias squamipinnis,39.0
32.6833343506,-27.5333328247,,Pseudanthias squamipinnis,
40.7666664124,-14.2166662216,,Pseudanthias squamipinnis,
120.720001221,22.0300006866,,Pseudanthias squamipinnis,
178.39956665,-18.1590824127,,Pseudanthias squamipinnis,12.0475
97.6774978638,8.66083335876,,Pseudanthias squamipinnis,17.0
32.6833343506,-27.5166664124,,Pseudanthias squamipinnis,
32.6833343506,-27.5166664124,,Pseudanthias squamipinnis,
120.819999695,21.9400005341,,Pseudanthias squamipinnis,
43.375,-11.8594446182,,Pseudanthias squamipinnis,
32.6833343506,-27.5166664124,,Pseudanthias squamipinnis,
32.9000015259,-26.7666664124,,Pseudanthias squamipinnis,22.5
32.6833343506,-27.5166664124,,Pseudanthias squamipinnis,
32.0,-27.0,,Pseudanthias squamipinnis,
31.0166664124,-29.9333324432,,Pseudanthias squamipinnis,29.0
57.366235,-20.277157,1973.0,Pseudanthias squamipinnis,
40.1166648865,-3.20000004768,,Pseudanthias squamipinnis,
32.6833343506,-27.5166664124,,Pseudanthias squamipinnis,
29.1499996185,-31.9833335876,,Pseudanthias squamipinnis,
31.0,-29.8500003815,,Pseudanthias squamipinnis,
32.6941680908,-27.5200004578,,Pseudanthias squamipinnis,28.5
123.385002136,9.43666648865,,Pseudanthias squamipinnis,20.6
31.0499992371,-29.8666667938,,Pseudanthias squamipinnis,
30.4633331299,-30.9033336639,,Pseudanthias squamipinnis,37.5
57.3333320618,-20.2000007629,,Pseudanthias squamipinnis,57.5
119.559997559,23.5699996948,,Pseudanthias squamipinnis,
39.3833351135,-4.65000009537,,Pseudanthias squamipinnis,
120.739997864,22.0100002289,,Pseudanthias squamipinnis,
32.6833343506,-27.5166664124,,Pseudanthias squamipinnis,
32.6833343506,-27.5166664124,,Pseudanthias squamipinnis,22.5
30.7813892365,-30.2508335114,,Pseudanthias squamipinnis,25.0
32.6166648865,-27.8299999237,,Pseudanthias squamipinnis,
32.6833343506,-27.5166664124,,Pseudanthias squamipinnis,
30.8166675568,-30.25,,Pseudanthias squamipinnis,
120.699996948,21.9799995422,,Pseudanthias squamipinnis,
43.6388893127,-12.3919448853,,Pseudanthias squamipinnis,
120.739997864,22.0100002289,,Pseudanthias squamipinnis,
32.6833343506,-27.5166664124,,Pseudanthias squamipinnis,17.5
30.8105564117,-30.2805557251,,Pseudanthias squamipinnis,22.0
43.7077789307,-12.3852777481,,Pseudanthias squamipinnis,21.0
32.6833343506,-27.5166664124,,Pseudanthias squamipinnis,22.0
40.5666656494,-12.25,,Pseudanthias squamipinnis,
43.5,-23.3333339691,1992.0,Pseudanthias squamipinnis,
120.709999084,21.9799995422,,Pseudanthias squamipinnis,
32.6833343506,-27.5166664124,,Pseudanthias squamipinnis,
32.7166671753,-27.4500007629,,Pseudanthias squamipinnis,39.0
32.6977767944,-27.5188884735,,Pseudanthias squamipinnis,25.5
30.8166675568,-30.2999992371,,Pseudanthias squamipinnis,28.0
119.559997559,23.5699996948,,Pseudanthias squamipinnis,
32.6833343506,-27.5166664124,,Pseudanthias squamipinnis,
32.6833343506,-27.5166664124,,Pseudanthias squamipinnis,
105.566673279,-10.4499998093,,Pseudanthias squamipinnis,13.5
119.880261438,8.90034993219,,Pseudanthias squamipinnis,
178.381,-18.1411,1971.0,Pseudanthias squamipinnis,
32.9000015259,-26.7666664124,,Pseudanthias squamipinnis,23.5
32.6833343506,-27.5166664124,,Pseudanthias squamipinnis,
32.6897239685,-27.521944046,,Pseudanthias squamipinnis,17.5
32.6930541992,-27.531665802,,Pseudanthias squamipinnis,23.5
32.6972236633,-27.5233325958,,Pseudanthias squamipinnis,27.0
45.0,-14.0,1975.0,Pseudanthias squamipinnis,
121.18182,13.48549,2000.0,Pseudanthias squamipinnis,
43.2666664124,-11.5833330154,,Pseudanthias squamipinnis,
119.559997559,23.5599994659,,Pseudanthias squamipinnis,
40.599445343,-12.4891662598,,Pseudanthias squamipinnis,
32.6266670227,-27.8233337402,,Pseudanthias squamipinnis,
32.6833343506,-27.5166664124,,Pseudanthias squamipinnis,
32.0,-27.0,,Pseudanthias squamipinnis,
43.0166664124,-11.8166666031,,Pseudanthias squamipinnis,
31.0166664124,-29.9333324432,,Pseudanthias squamipinnis,
123.166656494,9.61666679382,,Pseudanthias squamipinnis,4.1
32.6833343506,-27.5166664124,,Pseudanthias squamipinnis,
26.9166660309,-33.5999984741,,Pseudanthias squamipinnis,
167.5,-17.5,,Pseudanthias squamipinnis,
32.7019462585,-27.5027770996,,Pseudanthias squamipinnis,29.0
125.6024217,-8.15301334,2013.0,Pseudanthias squamipinnis,20.45
125.6024217,-8.15301334,2013.0,Pseudanthias squamipinnis,20.45
125.6024217,-8.15301334,2013.0,Pseudanthias squamipinnis,20.45
125.5627068,-8.19646027,2013.0,Pseudanthias squamipinnis,16.4
125.5627068,-8.19646027,2013.0,Pseudanthias squamipinnis,16.4
125.5627068,-8.19646027,2013.0,Pseudanthias squamipinnis,16.4
125.6426194,-8.13593094,2013.0,Pseudanthias squamipinnis,4.65
125.6426194,-8.13593094,2013.0,Pseudanthias squamipinnis,4.65
124.1588193,-9.29234943,2013.0,Pseudanthias squamipinnis,13.8
125.1152498,-8.65055499,2013.0,Pseudanthias squamipinnis,12.2
125.1152498,-8.65055499,2013.0,Pseudanthias squamipinnis,12.2
125.101837,-8.68075926,2013.0,Pseudanthias squamipinnis,17.8
125.101837,-8.68075926,2013.0,Pseudanthias squamipinnis,17.8
125.101837,-8.68075926,2013.0,Pseudanthias squamipinnis,17.8
124.2295495,-9.23607694,2013.0,Pseudanthias squamipinnis,8.4
124.2295495,-9.23607694,2013.0,Pseudanthias squamipinnis,8.4
124.2295495,-9.23607694,2013.0,Pseudanthias squamipinnis,8.4
124.3852662,-9.19177439,2013.0,Pseudanthias squamipinnis,12.75
125.1909764,-8.61211206,2013.0,Pseudanthias squamipinnis,10.0
125.1909764,-8.61211206,2013.0,Pseudanthias squamipinnis,10.0
169.180282593,-18.7269439697,,Pseudanthias squamipinnis,
98.368057251,7.58611106873,,Pseudanthias squamipinnis,19.05
32.7000007629,-27.5166664124,,Pseudanthias squamipinnis,
125.8602526,-8.4735452,2013.0,Pseudanthias squamipinnis,14.0
125.8602526,-8.4735452,2013.0,Pseudanthias squamipinnis,14.0
120.709999084,21.9799995422,,Pseudanthias squamipinnis,
127.1033338,-8.36278866,2013.0,Pseudanthias squamipinnis,10.7
127.3202945,-8.44650786,2013.0,Pseudanthias squamipinnis,9.85
45.2125015259,-12.9811115265,,Pseudanthias squamipinnis,4.5
127.3202945,-8.44650786,2013.0,Pseudanthias squamipinnis,9.85
126.417,-8.414,2013.0,Pseudanthias squamipinnis,14.5
126.417,-8.414,2013.0,Pseudanthias squamipinnis,14.5
126.417,-8.414,2013.0,Pseudanthias squamipinnis,14.5
126.417,-8.414,2013.0,Pseudanthias squamipinnis,14.5
43.6563873291,-12.3977775574,,Pseudanthias squamipinnis,
126.4412227,-8.42210362,2013.0,Pseudanthias squamipinnis,13.4
126.4412227,-8.42210362,2013.0,Pseudanthias squamipinnis,13.4
125.9759207,-8.48560961,2013.0,Pseudanthias squamipinnis,12.1
126.3839697,-8.42505606,2013.0,Pseudanthias squamipinnis,8.2
126.3839697,-8.42505606,2013.0,Pseudanthias squamipinnis,8.2
127.309,-8.418,2013.0,Pseudanthias squamipinnis,5.0
127.3194202,-8.4082283,2013.0,Pseudanthias squamipinnis,12.2
127.3414184,-8.44447978,2013.0,Pseudanthias squamipinnis,9.1
127.3414184,-8.44447978,2013.0,Pseudanthias squamipinnis,9.1
127.3414184,-8.44447978,2013.0,Pseudanthias squamipinnis,9.1
45.2222213745,-12.9583330154,,Pseudanthias squamipinnis,
126.3717493,-8.42236673,2013.0,Pseudanthias squamipinnis,4.3
126.3717493,-8.42236673,2013.0,Pseudanthias squamipinnis,4.3
126.4412227,-8.42210362,2013.0,Pseudanthias squamipinnis,16.2
126.4412227,-8.42210362,2013.0,Pseudanthias squamipinnis,16.2
125.9759207,-8.48560961,2013.0,Pseudanthias squamipinnis,12.1
126.3444937,-8.44099198,2013.0,Pseudanthias squamipinnis,12.65
32.8666648865,-26.8833332062,,Pseudanthias squamipinnis,
126.3444937,-8.44099198,2013.0,Pseudanthias squamipinnis,12.65
126.3839697,-8.42505606,2013.0,Pseudanthias squamipinnis,7.55
126.3839697,-8.42505606,2013.0,Pseudanthias squamipinnis,7.55
126.4270889,-8.41959156,2013.0,Pseudanthias squamipinnis,14.4
126.4270889,-8.41959156,2013.0,Pseudanthias squamipinnis,14.4
126.4121056,-8.41600872,2013.0,Pseudanthias squamipinnis,15.3
126.4121056,-8.41600872,2013.0,Pseudanthias squamipinnis,15.3
127.3414184,-8.44447978,2013.0,Pseudanthias squamipinnis,9.45
127.3414184,-8.44447978,2013.0,Pseudanthias squamipinnis,9.45
127.3414184,-8.44447978,2013.0,Pseudanthias squamipinnis,9.45
125.9510745,-8.47829221,2013.0,Pseudanthias squamipinnis,9.25
125.9510745,-8.47829221,2013.0,Pseudanthias squamipinnis,9.25
125.9510745,-8.47829221,2013.0,Pseudanthias squamipinnis,9.25
32.6833343506,-27.5166664124,,Pseudanthias squamipinnis,
125.9759207,-8.48560961,2013.0,Pseudanthias squamipinnis,12.6
125.9759207,-8.48560961,2013.0,Pseudanthias squamipinnis,12.6
127.307,-8.422,2013.0,Pseudanthias squamipinnis,14.4
127.307,-8.422,2013.0,Pseudanthias squamipinnis,14.4
127.307,-8.422,2013.0,Pseudanthias squamipinnis,14.4
127.307,-8.422,2013.0,Pseudanthias squamipinnis,14.4
29.1499996185,-31.9833335876,,Pseudanthias squamipinnis,
127.1033338,-8.36278866,2013.0,Pseudanthias squamipinnis,9.75
126.3839697,-8.42505606,2013.0,Pseudanthias squamipinnis,7.55
126.3839697,-8.42505606,2013.0,Pseudanthias squamipinnis,7.55
127.1033338,-8.36278866,2013.0,Pseudanthias squamipinnis,9.75
127.1033338,-8.36278866,2013.0,Pseudanthias squamipinnis,9.75
126.3291798,-8.44955703,2013.0,Pseudanthias squamipinnis,4.7
125.9333509,-8.47726291,2013.0,Pseudanthias squamipinnis,12.6
125.9333509,-8.47726291,2013.0,Pseudanthias squamipinnis,12.6
125.9630136,-8.4849518,2013.0,Pseudanthias squamipinnis,4.35
127.2407764,-8.37833382,2013.0,Pseudanthias squamipinnis,8.9
127.2407764,-8.37833382,2013.0,Pseudanthias squamipinnis,8.9
32.0,-27.0,,Pseudanthias squamipinnis,
127.2218369,-8.36473268,2013.0,Pseudanthias squamipinnis,16.2
125.9333509,-8.47726291,2013.0,Pseudanthias squamipinnis,12.0
125.8730902,-8.4741772,2013.0,Pseudanthias squamipinnis,14.05
125.8730902,-8.4741772,2013.0,Pseudanthias squamipinnis,12.5
125.8730902,-8.4741772,2013.0,Pseudanthias squamipinnis,12.5
31.0499992371,-29.8666667938,,Pseudanthias squamipinnis,
127.1736055,-8.33833396,2013.0,Pseudanthias squamipinnis,12.5
127.1736055,-8.33833396,2013.0,Pseudanthias squamipinnis,12.5
125.5340133,-8.21972491,2013.0,Pseudanthias squamipinnis,15.15
125.5340133,-8.21972491,2013.0,Pseudanthias squamipinnis,15.15
125.5809595,-8.17821957,2013.0,Pseudanthias squamipinnis,2.95
125.5809595,-8.17821957,2013.0,Pseudanthias squamipinnis,2.95
126.3600583,-8.42592719,2013.0,Pseudanthias squamipinnis,9.55
126.3600583,-8.42592719,2013.0,Pseudanthias squamipinnis,9.55
125.9333509,-8.47726291,2013.0,Pseudanthias squamipinnis,12.0
125.9333509,-8.47726291,2013.0,Pseudanthias squamipinnis,12.0
125.5627068,-8.19646027,2013.0,Pseudanthias squamipinnis,12.65
125.5627068,-8.19646027,2013.0,Pseudanthias squamipinnis,12.65
125.5627068,-8.19646027,2013.0,Pseudanthias squamipinnis,12.65
30.0,-30.0,1992.0,Pseudanthias squamipinnis,
34.9500007629,29.5499992371,,Pseudanthias squamipinnis,
121.510002136,22.6599998474,,Pseudanthias squamipinnis,
32.7666664124,-27.2666664124,,Pseudanthias squamipinnis,
34.9500007629,29.5499992371,,Pseudanthias squamipinnis,
120.779998779,21.9400005341,,Pseudanthias squamipinnis,
45.2216682434,-12.9483337402,,Pseudanthias squamipinnis,16.0
34.9500007629,29.5,,Pseudanthias squamipinnis,
32.6833343506,-27.6166667938,,Pseudanthias squamipinnis,
47.6666679382,-10.0833330154,,Pseudanthias squamipinnis,
123.309997559,9.31200027466,,Pseudanthias squamipinnis,
30.8163890839,-30.30027771,,Pseudanthias squamipinnis,29.0
46.5,-9.75,,Pseudanthias squamipinnis,
121.103,13.53282,2000.0,Pseudanthias squamipinnis,
178.521942139,-18.1872215271,,Pseudanthias squamipinnis,13.5
145.478,-14.6713,2015.0,Pseudanthias squamipinnis,
145.61301,-14.5643,2004.0,Pseudanthias squamipinnis,
145.627,-14.6258,2010.0,Pseudanthias squamipinnis,
145.466,-14.6935,2011.0,Pseudanthias squamipinnis,
145.633,-14.6268,2005.0,Pseudanthias squamipinnis,
145.664,-14.6646,2013.0,Pseudanthias squamipinnis,
57.5666656494,-20.0,,Pseudanthias squamipinnis,
57.516,-20.533,,Pseudanthias squamipinnis,
167.5,-17.5,,Pseudanthias squamipinnis,28.0
53.2999992371,-5.40000009537,,Pseudanthias squamipinnis,
120.720001221,22.0300006866,,Pseudanthias squamipinnis,
32.6166648865,-27.7999992371,,Pseudanthias squamipinnis,29.0
32.0,-27.0,,Pseudanthias squamipinnis,
152.083328247,-23.5,,Pseudanthias squamipinnis,
123.448890686,9.21166706085,,Pseudanthias squamipinnis,15.25
45.2166671753,-12.9833335876,,Pseudanthias squamipinnis,
168.524993896,-16.875,,Pseudanthias squamipinnis,
120.739997864,22.0100002289,,Pseudanthias squamipinnis,
31.0,-29.0,,Pseudanthias squamipinnis,
32.6833343506,-27.5166664124,,Pseudanthias squamipinnis,
120.709999084,21.9899997711,,Pseudanthias squamipinnis,
45.2666664124,-12.8666667938,,Pseudanthias squamipinnis,
23.0333328247,-34.0333328247,,Pseudanthias squamipinnis,
168.35666,-16.78999,1996.0,Pseudanthias squamipinnis,
32.9166679382,-26.3999996185,,Pseudanthias squamipinnis,19.0
39.1433334351,-17.0855560303,,Pseudanthias squamipinnis,5.0
57.516,-20.516,,Pseudanthias squamipinnis,
30.8166675568,-30.25,,Pseudanthias squamipinnis,
30.8174991608,-30.2999992371,,Pseudanthias squamipinnis,26.0
32.6833343506,-27.5166664124,,Pseudanthias squamipinnis,
144.59066,-10.15866,1993.0,Pseudanthias squamipinnis,
32.6833343506,-27.5166664124,,Pseudanthias squamipinnis,
30.7833328247,-30.3166675568,,Pseudanthias squamipinnis,
150.366668701,-5.16666650772,,Pseudanthias squamipinnis,
168.51749,-16.86749,1996.0,Pseudanthias squamipinnis,
34.75,29.25,,Pseudanthias squamipinnis,
30.7555561066,-30.3858337402,,Pseudanthias squamipinnis,40.0
30.7822227478,-30.3597221375,,Pseudanthias squamipinnis,32.5
152.083,-23.5,1967.0,Pseudanthias squamipinnis,
159.066,-31.533,1973.0,Pseudanthias squamipinnis,
125.60572,-8.52952,2012.0,Pseudanthias squamipinnis,
31.0166664124,-29.9333324432,,Pseudanthias squamipinnis,
40.9166679382,-2.26666665077,,Pseudanthias squamipinnis,79.0
32.6833343506,-27.5166664124,,Pseudanthias squamipinnis,
120.739997864,22.0100002289,,Pseudanthias squamipinnis,
40.7666664124,-14.2166662216,,Pseudanthias squamipinnis,
124.0,10.0,,Pseudanthias squamipinnis,31.0
29.1499996185,-31.9833335876,,Pseudanthias squamipinnis,
32.6833343506,-27.5166664124,,Pseudanthias squamipinnis,
32.4500007629,-30.8666667938,,Pseudanthias squamipinnis,37.5
145.516,-14.733,1975.0,Pseudanthias squamipinnis,
32.6833343506,-27.5166664124,,Pseudanthias squamipinnis,
32.6833343506,-27.5166664124,,Pseudanthias squamipinnis,37.5
32.6833343506,-27.5166664124,,Pseudanthias squamipinnis,
43.0169448853,-11.8166666031,,Pseudanthias squamipinnis,
178.39956665,-18.1590824127,,Pseudanthias squamipinnis,12.0475
43.6666679382,-12.3500003815,,Pseudanthias squamipinnis,
32.6991653442,-27.4847221375,,Pseudanthias squamipinnis,31.5
32.6833343506,-27.5166664124,,Pseudanthias squamipinnis,18.5
178.39956665,-18.1590824127,,Pseudanthias squamipinnis,12.0475
29.1499996185,-31.9833335876,,Pseudanthias squamipinnis,
32.7172241211,-27.4480552673,,Pseudanthias squamipinnis,15.5
25.7000007629,-34.0166664124,,Pseudanthias squamipinnis,19.5
32.8833351135,-26.7666664124,,Pseudanthias squamipinnis,25.0
31.0,-29.8833332062,,Pseudanthias squamipinnis,
39.1833343506,-6.16666650772,,Pseudanthias squamipinnis,
120.730003357,21.9400005341,,Pseudanthias squamipinnis,
149.92799,-36.943,2014.0,Pseudanthias squamipinnis,
159.03916,-31.5236,1973.0,Pseudanthias squamipinnis,
152.083,-23.5,1967.0,Pseudanthias squamipinnis,
125.61286,-8.52096,2012.0,Pseudanthias squamipinnis,
125.61286,-8.52096,2012.0,Pseudanthias squamipinnis,
153.55,-29.416,1973.0,Pseudanthias squamipinnis,
151.333,-32.5,,Pseudanthias squamipinnis,
120.95083,13.53216,2000.0,Pseudanthias squamipinnis,
153.633,-28.616,1975.0,Pseudanthias squamipinnis,
159.03916,-31.5236,,Pseudanthias squamipinnis,
144.416,-10.43783,1993.0,Pseudanthias squamipinnis,
160.1,-9.0,1973.0,Pseudanthias squamipinnis,
144.41483,-10.21932,1993.0,Pseudanthias squamipinnis,
152.083,-23.5,1967.0,Pseudanthias squamipinnis,
145.46667,-14.66667,1974.0,Pseudanthias squamipinnis,
145.86667,-16.55,1972.0,Pseudanthias squamipinnis,6.0
153.61667,-28.63333,1980.0,Pseudanthias squamipinnis,9.0
153.61667,-28.63333,1980.0,Pseudanthias squamipinnis,11.5
152.16667,-4.13333,1983.0,Pseudanthias squamipinnis,36.5
152.16667,-4.13333,1983.0,Pseudanthias squamipinnis,4.5
145.68333,-14.93333,1985.0,Pseudanthias squamipinnis,2.0
122.96667,-12.2,1986.0,Pseudanthias squamipinnis,16.5
49.05,-12.11667,2002.0,Pseudanthias squamipinnis,23.5
152.083,-23.5,1966.0,Pseudanthias squamipinnis,
152.083,-23.5,1969.0,Pseudanthias squamipinnis,
145.833,-15.833,1981.0,Pseudanthias squamipinnis,
146.55,-13.9,1984.0,Pseudanthias squamipinnis,
152.083,-23.5,1966.0,Pseudanthias squamipinnis,
152.533,-32.433,1974.0,Pseudanthias squamipinnis,
159.833,-9.366,1973.0,Pseudanthias squamipinnis,
122.83333,-1.35,1998.0,Pseudanthias squamipinnis,16.5
144.59066,-10.15866,1993.0,Pseudanthias squamipinnis,
160.6,-8.866,1973.0,Pseudanthias squamipinnis,
144.76966,-9.57116,1993.0,Pseudanthias squamipinnis,
159.066,-31.533,1973.0,Pseudanthias squamipinnis,
152.533,-32.45,1972.0,Pseudanthias squamipinnis,
37.90620041,-0.023559101,1992.0,Pseudanthias squamipinnis,
37.90620041,-0.023559101,1992.0,Pseudanthias squamipinnis,
32.68,-27.54,,Pseudanthias squamipinnis,
151.10389,-10.49138,2013.0,Pseudanthias squamipinnis,30.0
165.290838295,-20.5800085674,,Pseudanthias squamipinnis,
32.9,-26.7666667,1995.0,Pseudanthias squamipinnis,
178.3993333,-18.1598333,2002.0,Pseudanthias squamipinnis,12.5
55.53,-21.26,2004.0,Pseudanthias squamipinnis,152.5
39.383335,-4.65,1952.0,Pseudanthias squamipinnis,
32.567908,-28.162917,2009.0,Pseudanthias squamipinnis,30.5
30.82,-30.28,2006.0,Pseudanthias squamipinnis,
30.812222,-30.276111,2002.0,Pseudanthias squamipinnis,21.5
32.694722,-27.515833,2002.0,Pseudanthias squamipinnis,29.0
32.666667,-27.540278,2001.0,Pseudanthias squamipinnis,
55.680667,-3.762833,2005.0,Pseudanthias squamipinnis,18.0
35.5,-21.5,2002.0,Pseudanthias squamipinnis,9.5
55.376701,-4.6291,2005.0,Pseudanthias squamipinnis,17.0
30.819444,-30.2725,2003.0,Pseudanthias squamipinnis,20.0
32.567908,-28.162917,2009.0,Pseudanthias squamipinnis,31.5
38.401166,-17.531667,2002.0,Pseudanthias squamipinnis,17.5
35.5,-21.5,,Pseudanthias squamipinnis,9.5
55.3609,-4.6596,2005.0,Pseudanthias squamipinnis,14.0
55.241798,-4.3821,2005.0,Pseudanthias squamipinnis,16.0
32.666667,-27.540278,2001.0,Pseudanthias squamipinnis,
32.666667,-27.540278,2001.0,Pseudanthias squamipinnis,
31.016667,-29.873611,1969.0,Pseudanthias squamipinnis,
31.016667,-29.873611,1962.0,Pseudanthias squamipinnis,
34.950001,29.549999,,Pseudanthias squamipinnis,
57.583332,-20.299999,,Pseudanthias squamipinnis,
32.683334,-27.516666,1977.0,Pseudanthias squamipinnis,
57.566666,-20.0,1973.0,Pseudanthias squamipinnis,
32.666667,-27.540278,1998.0,Pseudanthias squamipinnis,
32.666667,-27.540278,1979.0,Pseudanthias squamipinnis,
32.666667,-27.540278,1979.0,Pseudanthias squamipinnis,
32.666667,-27.540278,1979.0,Pseudanthias squamipinnis,
31.0607,-29.86515,1964.0,Pseudanthias squamipinnis,
57.583332,-20.299999,,Pseudanthias squamipinnis,
40.599445,-12.489166,1973.0,Pseudanthias squamipinnis,
31.016666,-29.933332,1979.0,Pseudanthias squamipinnis,25.0
32.683334,-27.516666,1979.0,Pseudanthias squamipinnis,
32.683334,-27.516666,1979.0,Pseudanthias squamipinnis,
31.0,-29.883333,1980.0,Pseudanthias squamipinnis,
32.683334,-27.516666,1979.0,Pseudanthias squamipinnis,
32.866665,-26.883333,1979.0,Pseudanthias squamipinnis,
32.683334,-27.516666,1979.0,Pseudanthias squamipinnis,
31.016666,-29.933332,1980.0,Pseudanthias squamipinnis,
32.683334,-27.516666,1979.0,Pseudanthias squamipinnis,
32.683334,-27.516666,1979.0,Pseudanthias squamipinnis,
32.683334,-27.533333,1979.0,Pseudanthias squamipinnis,
32.683334,-27.516666,1979.0,Pseudanthias squamipinnis,
32.683334,-27.516666,1979.0,Pseudanthias squamipinnis,
30.816668,-30.25,1979.0,Pseudanthias squamipinnis,
32.626667,-27.823334,1980.0,Pseudanthias squamipinnis,
32.616665,-27.83,1980.0,Pseudanthias squamipinnis,
32.700001,-27.516666,1980.0,Pseudanthias squamipinnis,
32.683334,-27.516666,1980.0,Pseudanthias squamipinnis,17.5
152.083328,-23.5,,Pseudanthias squamipinnis,
43.638889,-12.391945,1988.0,Pseudanthias squamipinnis,
43.656387,-12.397778,1988.0,Pseudanthias squamipinnis,
43.638889,-12.391666,1988.0,Pseudanthias squamipinnis,
43.016666,-11.816667,1988.0,Pseudanthias squamipinnis,
43.016945,-11.816667,1988.0,Pseudanthias squamipinnis,
32.683334,-27.516666,1979.0,Pseudanthias squamipinnis,
32.683334,-27.516666,1979.0,Pseudanthias squamipinnis,
32.683334,-27.516666,1979.0,Pseudanthias squamipinnis,
40.766666,-14.216666,1950.0,Pseudanthias squamipinnis,
44.666668,-25.75,,Pseudanthias squamipinnis,
29.15,-31.983334,,Pseudanthias squamipinnis,
40.116665,-3.2,1952.0,Pseudanthias squamipinnis,
31.0,-29.85,,Pseudanthias squamipinnis,
43.016666,-11.816667,1986.0,Pseudanthias squamipinnis,
44.25,-12.166667,1986.0,Pseudanthias squamipinnis,
43.016666,-11.816667,1986.0,Pseudanthias squamipinnis,
43.016666,-11.816667,1986.0,Pseudanthias squamipinnis,
43.016666,-11.816667,1986.0,Pseudanthias squamipinnis,
43.266666,-11.583333,1986.0,Pseudanthias squamipinnis,
27.616667,-33.216667,1987.0,Pseudanthias squamipinnis,
30.733334,-30.316668,,Pseudanthias squamipinnis,
46.5,-9.75,1954.0,Pseudanthias squamipinnis,
32.683334,-27.516666,1976.0,Pseudanthias squamipinnis,
32.683334,-27.516666,1977.0,Pseudanthias squamipinnis,
32.683334,-27.516666,1976.0,Pseudanthias squamipinnis,
32.683334,-27.516666,1977.0,Pseudanthias squamipinnis,
32.683334,-27.516666,1919.0,Pseudanthias squamipinnis,
32.683334,-27.516666,1976.0,Pseudanthias squamipinnis,
32.766666,-27.266666,1976.0,Pseudanthias squamipinnis,
32.683334,-27.516666,1976.0,Pseudanthias squamipinnis,
40.566666,-12.25,1951.0,Pseudanthias squamipinnis,
40.916668,-2.266667,1959.0,Pseudanthias squamipinnis,79.0
30.733334,-30.316668,,Pseudanthias squamipinnis,
43.266666,-11.383333,1991.0,Pseudanthias squamipinnis,20.5
43.375,-11.859445,1991.0,Pseudanthias squamipinnis,
30.783333,-30.316668,1992.0,Pseudanthias squamipinnis,
30.816668,-30.25,1992.0,Pseudanthias squamipinnis,
29.15,-31.983334,1975.0,Pseudanthias squamipinnis,
32.900002,-26.766666,1995.0,Pseudanthias squamipinnis,23.5
32.883301,-26.766701,1995.0,Pseudanthias squamipinnis,16.5
3.73300004005,29.25,,Pseudanthias squamipinnis,12.0
30.91690063,-30.25017039,1992.0,Pseudanthias squamipinnis,
32.69305556,-27.53166667,2001.0,Pseudanthias squamipinnis,
32.69777778,-27.51888889,2001.0,Pseudanthias squamipinnis,
32.70194444,-27.50277778,2001.0,Pseudanthias squamipinnis,
32.69916667,-27.48472222,2001.0,Pseudanthias squamipinnis,
32.71722222,-27.44805556,2001.0,Pseudanthias squamipinnis,
32.69722222,-27.52333333,2001.0,Pseudanthias squamipinnis,
32.68972222,-27.52194444,2001.0,Pseudanthias squamipinnis,
45.2125,-12.98111111,1988.0,Pseudanthias squamipinnis,
45.22166667,-12.94833333,1988.0,Pseudanthias squamipinnis,
43.70777778,-12.38527778,1988.0,Pseudanthias squamipinnis,
105.5666667,-10.45,1986.0,Pseudanthias squamipinnis,
71.36388889,-6.165833333,1979.0,Pseudanthias squamipinnis,
71.81583333,-5.450833333,1979.0,Pseudanthias squamipinnis,
71.81194444,-5.450555556,1979.0,Pseudanthias squamipinnis,
71.81388889,-5.449444444,1979.0,Pseudanthias squamipinnis,
72.5,11.0,,Pseudanthias squamipinnis,
71.75833333,-5.384166667,1979.0,Pseudanthias squamipinnis,
71.78111111,-5.4225,1979.0,Pseudanthias squamipinnis,
71.74833333,-5.417777778,1979.0,Pseudanthias squamipinnis,
72.22805556,-5.363333333,1979.0,Pseudanthias squamipinnis,
72.26222222,-5.301111111,1979.0,Pseudanthias squamipinnis,
72.20444444,-5.355277778,1979.0,Pseudanthias squamipinnis,
71.81583333,-5.350833333,1979.0,Pseudanthias squamipinnis,
72.20277778,-5.350833333,1979.0,Pseudanthias squamipinnis,
72.20833333,-5.344722222,1979.0,Pseudanthias squamipinnis,
72.20917,-5.34417,1979.0,Pseudanthias squamipinnis,
72.21055556,-5.343888889,1979.0,Pseudanthias squamipinnis,
178.5219444,-18.18722222,1983.0,Pseudanthias squamipinnis,
55.230556488,-20.615278244,1855.0,Pseudanthias squamipinnis,
54.0,12.0,1855.0,Pseudanthias squamipinnis,
93.0,10.0,1855.0,Pseudanthias squamipinnis,
97.7833328247,9.16666698456,1855.0,Pseudanthias squamipinnis,
131.7301167,2.863083333,2008.0,Pseudanthias squamipinnis,
131.775,2.87972,2008.0,Pseudanthias squamipinnis,
132.3064333,4.30725,2008.0,Pseudanthias squamipinnis,
73.499342,4.435107,,Pseudanthias squamipinnis,
132.2325,5.35472,2008.0,Pseudanthias squamipinnis,
98.32638889,7.470833333,1993.0,Pseudanthias squamipinnis,
123.385,9.436666667,1987.0,Pseudanthias squamipinnis,
98.36805556,7.586111111,1993.0,Pseudanthias squamipinnis,
123.1666667,9.616666667,1987.0,Pseudanthias squamipinnis,
97.6775,8.660833333,1993.0,Pseudanthias squamipinnis,
123.4488889,9.211666667,1987.0,Pseudanthias squamipinnis,
34.89166667,29.5,,Pseudanthias squamipinnis,
34.89166667,29.5,,Pseudanthias squamipinnis,
119.38,4.67,1909.0,Pseudanthias squamipinnis,
55.3608,-4.6597,2005.0,Pseudanthias squamipinnis,14.0
55.3608,-4.6597,2005.0,Pseudanthias squamipinnis,14.0
178.3993333,-18.1598333,2002.0,Pseudanthias squamipinnis,12.5
178.3993333,-18.1598333,2002.0,Pseudanthias squamipinnis,12.5
132.224,5.3603,2008.0,Pseudanthias squamipinnis,
30.8166667,-30.25,2002.0,Pseudanthias squamipinnis,25.0
30.8166667,-30.25,2002.0,Pseudanthias squamipinnis,25.0
79.8079986572,7.117000103,,Pseudanthias squamipinnis,
79.8079986572,7.117000103,,Pseudanthias squamipinnis,
79.8079986572,7.117000103,,Pseudanthias squamipinnis,
-175.270996094,-21.0659999847,,Pseudanthias squamipinnis,
-175.270996094,-21.0659999847,,Pseudanthias squamipinnis,
-175.270996094,-21.0659999847,,Pseudanthias squamipinnis,
79.8079986572,7.117000103,,Pseudanthias squamipinnis,
79.8079986572,7.117000103,,Pseudanthias squamipinnis,
-175.270996094,-21.0659999847,,Pseudanthias squamipinnis,
79.8079986572,7.117000103,,Pseudanthias squamipinnis,
79.8079986572,7.117000103,,Pseudanthias squamipinnis,
79.8079986572,7.117000103,,Pseudanthias squamipinnis,
120.478996277,14.2460002899,,Pseudanthias squamipinnis,
120.478996277,14.2460002899,,Pseudanthias squamipinnis,
120.478996277,14.2460002899,,Pseudanthias squamipinnis,
120.478996277,14.2460002899,,Pseudanthias squamipinnis,
30.9169006348,-30.250169754,1992.0,Pseudanthias squamipinnis,
72.2105560303,-5.34388875961,1979.0,Pseudanthias squamipinnis,
71.3638916016,-6.16583347321,1979.0,Pseudanthias squamipinnis,
97.6774978638,8.66083335876,1993.0,Pseudanthias squamipinnis,
43.7077789307,-12.3852777481,1988.0,Pseudanthias squamipinnis,
72.2083358765,-5.34472227097,1979.0,Pseudanthias squamipinnis,
72.2083358765,-5.34472227097,1979.0,Pseudanthias squamipinnis,
131.739044189,2.87173318863,2008.0,Pseudanthias squamipinnis,
43.6388893127,-12.3916664124,1988.0,Pseudanthias squamipinnis,
123.385002136,9.43666648865,1987.0,Pseudanthias squamipinnis,
45.2222213745,-12.9583330154,1988.0,Pseudanthias squamipinnis,
105.566665649,-10.4499998093,1986.0,Pseudanthias squamipinnis,
131.730117798,2.86308336258,2008.0,Pseudanthias squamipinnis,
32.7019462585,-27.5027770996,2001.0,Pseudanthias squamipinnis,
71.748336792,-5.41777801514,1979.0,Pseudanthias squamipinnis,
45.2125015259,-12.9811115265,1988.0,Pseudanthias squamipinnis,
-174.971,-21.3375,1993.0,Pseudanthias squamipinnis,
131.738,2.8722,2008.0,Pseudanthias squamipinnis,
98.368057251,7.58611106873,1993.0,Pseudanthias squamipinnis,
71.8158340454,-5.35083341599,1979.0,Pseudanthias squamipinnis,
72.2027740479,-5.35083341599,1979.0,Pseudanthias squamipinnis,
72.2099990845,-5.34472227097,1979.0,Pseudanthias squamipinnis,
72.26222229,-5.30111122131,1979.0,Pseudanthias squamipinnis,
32.7172203064,-27.4480552673,2001.0,Pseudanthias squamipinnis,
43.6388893127,-12.3919439316,1988.0,Pseudanthias squamipinnis,
45.2216682434,-12.9483337402,1988.0,Pseudanthias squamipinnis,
132.232498169,5.35472011566,2008.0,Pseudanthias squamipinnis,
71.8119430542,-5.45055580139,1979.0,Pseudanthias squamipinnis,
32.6977767944,-27.5188884735,2001.0,Pseudanthias squamipinnis,
32.6991653442,-27.4847221375,2001.0,Pseudanthias squamipinnis,
123.166664124,9.61666679382,1987.0,Pseudanthias squamipinnis,
71.8158340454,-5.45083332062,1979.0,Pseudanthias squamipinnis,
71.7580566406,-5.38500022888,1979.0,Pseudanthias squamipinnis,
43.0166664124,-11.8166666031,1988.0,Pseudanthias squamipinnis,
32.6972236633,-27.5233325958,2001.0,Pseudanthias squamipinnis,
72.2280578613,-5.36333322525,1979.0,Pseudanthias squamipinnis,
71.8138885498,-5.44944429398,1979.0,Pseudanthias squamipinnis,
43.0169448853,-11.8166666031,1988.0,Pseudanthias squamipinnis,
123.448890686,9.21166706085,1987.0,Pseudanthias squamipinnis,
32.6897239685,-27.521944046,2001.0,Pseudanthias squamipinnis,
71.7583312988,-5.38416671753,1979.0,Pseudanthias squamipinnis,
132.306427002,4.30725002289,2008.0,Pseudanthias squamipinnis,
32.6930541992,-27.531665802,2001.0,Pseudanthias squamipinnis,
71.7477798462,-5.39916658401,1979.0,Pseudanthias squamipinnis,
71.7811126709,-5.42250013351,1979.0,Pseudanthias squamipinnis,
98.326385498,7.47083330154,1993.0,Pseudanthias squamipinnis,
72.2091674805,-5.34417009354,1979.0,Pseudanthias squamipinnis,
178.521942139,-18.1872215271,1983.0,Pseudanthias squamipinnis,
43.656665802,-12.3977775574,1988.0,Pseudanthias squamipinnis,
71.7583312988,-5.38416671753,1979.0,Pseudanthias squamipinnis,
72.2044448853,-5.35527801514,1979.0,Pseudanthias squamipinnis,
131.755,2.7992,2008.0,Pseudanthias squamipinnis,
-175.206,-21.0356,1993.0,Pseudanthias squamipinnis,
46.21,-9.3983,1967.0,Pseudanthias squamipinnis,
46.21,-9.3983,1967.0,Pseudanthias squamipinnis,
131.738,2.8722,2008.0,Pseudanthias squamipinnis,
120.842,13.6739,2014.0,Pseudanthias squamipinnis,
72.9999,4.87113,2013.0,Pseudanthias squamipinnis,12.05
14.4911,40.6168,2011.0,Pseudanthias squamipinnis,39.24
33.9841,27.1631,2011.0,Pseudanthias squamipinnis,3.0
34.041,26.6555,2014.0,Pseudanthias squamipinnis,11.0
33.8633,27.0883,2011.0,Pseudanthias squamipinnis,4.5
73.0368,3.21529,2011.0,Pseudanthias squamipinnis,8.25
72.7199,4.00038,2011.0,Pseudanthias squamipinnis,12.5
72.7199,4.00038,2011.0,Pseudanthias squamipinnis,14.0
72.7199,4.00038,2011.0,Pseudanthias squamipinnis,15.0
73.0368,3.21529,2011.0,Pseudanthias squamipinnis,12.25
73.0368,3.21529,2011.0,Pseudanthias squamipinnis,16.1
33.9629,27.1394,2011.0,Pseudanthias squamipinnis,6.05
33.8799,27.2643,2011.0,Pseudanthias squamipinnis,6.5
33.8879,27.2674,2011.0,Pseudanthias squamipinnis,7.0
34.2625,27.7921,2004.0,Pseudanthias squamipinnis,10.0
46.2066688538,-9.39999961853,1967.0,Pseudanthias squamipinnis,3.0
120.950843811,13.5322217941,2000.0,Pseudanthias squamipinnis,10.0
-174.970550537,-21.3374996185,1993.0,Pseudanthias squamipinnis,22.5
120.736106873,21.9222221375,1968.0,Pseudanthias squamipinnis,10.0
166.399993896,-20.7133331299,1991.0,Pseudanthias squamipinnis,12.0
46.2066688538,-9.39999961853,1967.0,Pseudanthias squamipinnis,2.0
46.2099990845,-9.40333271027,1967.0,Pseudanthias squamipinnis,
168.356674194,-16.7900009155,1996.0,Pseudanthias squamipinnis,21.0
44.4000015259,-12.1750001907,1964.0,Pseudanthias squamipinnis,4.5
106.599998474,-5.80000019073,1974.0,Pseudanthias squamipinnis,30.0
129.93611145,-4.50833320618,1974.0,Pseudanthias squamipinnis,18.0
168.524993896,-16.875,1996.0,Pseudanthias squamipinnis,28.0
120.736106873,21.9222221375,1968.0,Pseudanthias squamipinnis,10.0
166.268890381,-20.6216678619,1991.0,Pseudanthias squamipinnis,18.5
121.103057861,13.5327777863,2000.0,Pseudanthias squamipinnis,28.5
120.736106873,21.9222221375,1968.0,Pseudanthias squamipinnis,12.5
56.5999984741,-10.3000001907,1976.0,Pseudanthias squamipinnis,12.0
-175.206115723,-21.0355548859,1993.0,Pseudanthias squamipinnis,17.5
-175.215270996,-21.0,1993.0,Pseudanthias squamipinnis,25.0
169.180282593,-18.7269439697,1996.0,Pseudanthias squamipinnis,19.0
128.100006104,-3.79999995232,1974.0,Pseudanthias squamipinnis,14.5
121.103057861,13.5327777863,2000.0,Pseudanthias squamipinnis,28.5
43.5,-23.3330001831,,Pseudanthias squamipinnis,
119.400001526,4.69999980927,1909.0,Pseudanthias squamipinnis,
42.5,-20.0,,Pseudanthias squamipinnis,25.0
46.2099990845,-9.39666652679,1967.0,Pseudanthias squamipinnis,2.0
34.9500007629,29.5499992371,,Pseudanthias squamipinnis,
166.399993896,-20.7133331299,1991.0,Pseudanthias squamipinnis,5.0
47.0,-9.83300018311,,Pseudanthias squamipinnis,
167.5,-17.5,,Pseudanthias squamipinnis,
34.75,29.25,,Pseudanthias squamipinnis,
167.5,-17.5,,Pseudanthias squamipinnis,28.0
34.6329994202,28.966999054,,Pseudanthias squamipinnis,
34.9500007629,29.5,,Pseudanthias squamipinnis,
46.268532,-9.370351,,Pseudanthias squamipinnis,
46.263446,-9.366529,,Pseudanthias squamipinnis,
46.297867,-9.494643,,Pseudanthias squamipinnis,
46.344611,-9.468781,,Pseudanthias squamipinnis,
46.266015,-9.368242,,Pseudanthias squamipinnis,
46.41754,-9.368038,,Pseudanthias squamipinnis,
46.384012,-9.36607,,Pseudanthias squamipinnis,
46.35513,-9.367637,,Pseudanthias squamipinnis,
46.254004,-9.367345,,Pseudanthias squamipinnis,
46.24925,-9.367309,,Pseudanthias squamipinnis,
46.24864,-9.370197,,Pseudanthias squamipinnis,
46.201617,-9.402873,,Pseudanthias squamipinnis,
46.390547,-9.365082,,Pseudanthias squamipinnis,
46.204778,-9.381681,,Pseudanthias squamipinnis,
46.370832,-9.367393,,Pseudanthias squamipinnis,
46.365855,-9.36911,,Pseudanthias squamipinnis,
46.200494,-9.388935,,Pseudanthias squamipinnis,
46.212222,-9.441707,,Pseudanthias squamipinnis,
46.223123,-9.469808,,Pseudanthias squamipinnis,
46.28837,-9.495847,,Pseudanthias squamipinnis,
46.413346,-9.367435,,Pseudanthias squamipinnis,
46.377835,-9.365729,,Pseudanthias squamipinnis,
46.300325,-9.365573,,Pseudanthias squamipinnis,
46.251564,-9.365917,,Pseudanthias squamipinnis,
46.251972,-9.369362,,Pseudanthias squamipinnis,
30.7916667,-30.3316667,2004.0,Pseudanthias squamipinnis,
30.8283333,-30.2583333,,Pseudanthias squamipinnis,
30.8283333,-30.2583333,,Pseudanthias squamipinnis,
47.0,-9.833,,Pseudanthias squamipinnis,
34.75,29.25,,Pseudanthias squamipinnis,
167.5,-17.5,,Pseudanthias squamipinnis,
167.5,-17.5,,Pseudanthias squamipinnis,
34.633,28.967,,Pseudanthias squamipinnis,
3.733,29.25,,Pseudanthias squamipinnis,
34.95,29.5,,Pseudanthias squamipinnis,
34.95,29.55,,Pseudanthias squamipinnis,
42.5,-20.0,,Pseudanthias squamipinnis,
43.5,-23.333,,Pseudanthias squamipinnis,
32.9,-26.7666667,1995.0,Pseudanthias squamipinnis,
178.3993333,-18.1598333,2002.0,Pseudanthias squamipinnis,
178.3993333,-18.1598333,2002.0,Pseudanthias squamipinnis,
178.3993333,-18.1598333,2002.0,Pseudanthias squamipinnis,
30.8166667,-30.25,2002.0,Pseudanthias squamipinnis,
30.8166667,-30.25,2002.0,Pseudanthias squamipinnis,
55.3608,-4.6597,2005.0,Pseudanthias squamipinnis,
55.3608,-4.6597,2005.0,Pseudanthias squamipinnis,
37.90620041,-0.023559101,1992.0,Pseudanthias squamipinnis,
37.90620041,-0.023559101,1992.0,Pseudanthias squamipinnis,
122.717,-10.917,,Pseudanthias squamipinnis,
121.767,-14.067,1984.0,Pseudanthias squamipinnis,
123.0,-12.183,1987.0,Pseudanthias squamipinnis,
144.415,-10.219,1993.0,Pseudanthias squamipinnis,
144.591,-10.159,1993.0,Pseudanthias squamipinnis,
144.591,-10.159,1993.0,Pseudanthias squamipinnis,
144.699,-10.045,1993.0,Pseudanthias squamipinnis,
145.838,-5.167,1992.0,Pseudanthias squamipinnis,
145.833,-5.158,1992.0,Pseudanthias squamipinnis,
145.833,-5.173,1992.0,Pseudanthias squamipinnis,
145.8,-5.15,1992.0,Pseudanthias squamipinnis,
145.8,-5.15,1992.0,Pseudanthias squamipinnis,
144.6981,-10.0453,1993.0,Pseudanthias squamipinnis,
144.5906,-10.1586,1993.0,Pseudanthias squamipinnis,
144.4147,-10.2194,1993.0,Pseudanthias squamipinnis,
119.7931,12.045,2003.0,Pseudanthias squamipinnis,
131.9544,4.6525,2008.0,Pseudanthias squamipinnis,
134.69025,8.09197,2006.0,Pseudanthias squamipinnis,
129.196666667,28.2,,Pseudanthias squamipinnis,
130.261666667,30.785,,Pseudanthias squamipinnis,
130.261666667,30.785,,Pseudanthias squamipinnis,
130.261666667,30.775,,Pseudanthias squamipinnis,
130.409166667,30.8083333333,,Pseudanthias squamipinnis,
130.278611111,30.7783333333,,Pseudanthias squamipinnis,
130.409166667,30.8083333333,,Pseudanthias squamipinnis,
130.278611111,30.775,,Pseudanthias squamipinnis,
130.261666667,30.785,,Pseudanthias squamipinnis,
130.261666667,30.785,,Pseudanthias squamipinnis,
130.261666667,30.785,,Pseudanthias squamipinnis,
130.261666667,30.785,,Pseudanthias squamipinnis,
130.261666667,30.785,,Pseudanthias squamipinnis,
130.261666667,30.785,,Pseudanthias squamipinnis,
129.513333333,34.12,,Pseudanthias squamipinnis,
139.378333333,34.0416666667,,Pseudanthias squamipinnis,
139.541666667,34.05,,Pseudanthias squamipinnis,
139.133333333,34.88,,Pseudanthias squamipinnis,
129.343333333,28.1283333333,,Pseudanthias squamipinnis,
129.353333333,28.1266666667,,Pseudanthias squamipinnis,
131.583333333,34.0333333333,,Pseudanthias squamipinnis,
128.375,-3.53333333333,,Pseudanthias squamipinnis,
131.216666667,25.8666666667,,Pseudanthias squamipinnis,
139.16466,34.22674,1969.0,Pseudanthias squamipinnis,
136.18,33.98,2013.0,Pseudanthias squamipinnis,
136.18,33.98,2013.0,Pseudanthias squamipinnis,
122.9582,24.4702,2015.0,Pseudanthias squamipinnis,
130.183333,31.416667,2008.0,Pseudanthias squamipinnis,
130.183333,31.416667,2008.0,Pseudanthias squamipinnis,
130.170556,31.422222,2017.0,Pseudanthias squamipinnis,
128.4,27.016667,2014.0,Pseudanthias squamipinnis,
128.4,27.016667,2014.0,Pseudanthias squamipinnis,
128.4,27.016667,2014.0,Pseudanthias squamipinnis,
128.4,27.016667,2014.0,Pseudanthias squamipinnis,
128.4,27.016667,2014.0,Pseudanthias squamipinnis,
131.016667,30.8,2014.0,Pseudanthias squamipinnis,
131.016667,30.8,2014.0,Pseudanthias squamipinnis,
131.036389,30.826667,2014.0,Pseudanthias squamipinnis,
131.036389,30.826667,2014.0,Pseudanthias squamipinnis,
131.036389,30.826667,2014.0,Pseudanthias squamipinnis,
131.036389,30.826667,2014.0,Pseudanthias squamipinnis,
131.036389,30.826667,2014.0,Pseudanthias squamipinnis,
129.2225,28.193889,2014.0,Pseudanthias squamipinnis,
131.225278,25.870833,2014.0,Pseudanthias squamipinnis,
129.848889,29.837222,2014.0,Pseudanthias squamipinnis,
130.489444,30.459167,2014.0,Pseudanthias squamipinnis,
130.489444,30.459167,2014.0,Pseudanthias squamipinnis,
129.466667,31.2,2015.0,Pseudanthias squamipinnis,
129.466667,31.2,2015.0,Pseudanthias squamipinnis,
129.466667,31.2,2015.0,Pseudanthias squamipinnis,
129.911667,29.991667,2015.0,Pseudanthias squamipinnis,
129.911667,29.991667,2015.0,Pseudanthias squamipinnis,
129.911667,29.991667,2015.0,Pseudanthias squamipinnis,
122.939444,24.443056,2015.0,Pseudanthias squamipinnis,
122.939444,24.443056,2015.0,Pseudanthias squamipinnis,
128.905833,27.760556,2015.0,Pseudanthias squamipinnis,
128.905833,27.760556,2015.0,Pseudanthias squamipinnis,
129.533611,29.676944,2016.0,Pseudanthias squamipinnis,
129.533611,29.676944,2016.0,Pseudanthias squamipinnis,
129.533611,29.676944,2016.0,Pseudanthias squamipinnis,
129.533611,29.676944,2016.0,Pseudanthias squamipinnis,
129.533611,29.676944,2016.0,Pseudanthias squamipinnis,
129.533611,29.676944,2016.0,Pseudanthias squamipinnis,
129.532222,29.677778,2016.0,Pseudanthias squamipinnis,
129.532222,29.677778,2016.0,Pseudanthias squamipinnis,
129.532222,29.677778,2016.0,Pseudanthias squamipinnis,
129.535,29.676111,2016.0,Pseudanthias squamipinnis,
129.535,29.676111,2016.0,Pseudanthias squamipinnis,
129.535,29.676111,2016.0,Pseudanthias squamipinnis,
129.535,29.676111,2016.0,Pseudanthias squamipinnis,
129.532222,29.677778,2016.0,Pseudanthias squamipinnis,
129.533611,29.676944,2016.0,Pseudanthias squamipinnis,
129.866667,31.866667,2016.0,Pseudanthias squamipinnis,
129.866667,31.866667,2016.0,Pseudanthias squamipinnis,
129.904444,31.869722,2016.0,Pseudanthias squamipinnis,
128.555,27.397778,2016.0,Pseudanthias squamipinnis,
130.186111,30.489167,2016.0,Pseudanthias squamipinnis,
130.200278,30.483056,2016.0,Pseudanthias squamipinnis,
130.200278,30.483056,2016.0,Pseudanthias squamipinnis,
130.200278,30.483056,2016.0,Pseudanthias squamipinnis,
130.1525,30.487778,2016.0,Pseudanthias squamipinnis,
129.5927778,29.45444444,2017.0,Pseudanthias squamipinnis,
129.5922222,29.45361111,2017.0,Pseudanthias squamipinnis,
129.5922222,29.45361111,2017.0,Pseudanthias squamipinnis,
129.5927778,29.45444444,2017.0,Pseudanthias squamipinnis,
129.5927778,29.45444444,2017.0,Pseudanthias squamipinnis,
129.5927778,29.45444444,2017.0,Pseudanthias squamipinnis,
129.5927778,29.45444444,2017.0,Pseudanthias squamipinnis,
129.5927778,29.45444444,2017.0,Pseudanthias squamipinnis,
129.5927778,29.45444444,2017.0,Pseudanthias squamipinnis,
129.5927778,29.45444444,2017.0,Pseudanthias squamipinnis,
129.5927778,29.45444444,2017.0,Pseudanthias squamipinnis,
129.5927778,29.45444444,2017.0,Pseudanthias squamipinnis,
129.5927778,29.45444444,2017.0,Pseudanthias squamipinnis,
128.3986111,27.03583333,2017.0,Pseudanthias squamipinnis,
128.4008333,27.03722222,2017.0,Pseudanthias squamipinnis,
151.916,-23.45,1977.0,Pseudanthias squamipinnis,
145.833,-5.173,1992.0,Pseudanthias squamipinnis,
144.415,-10.219,1993.0,Pseudanthias squamipinnis,
145.838,-5.167,1992.0,Pseudanthias squamipinnis,
144.699,-10.045,1993.0,Pseudanthias squamipinnis,
144.591,-10.159,1993.0,Pseudanthias squamipinnis,
144.591,-10.159,1993.0,Pseudanthias squamipinnis,
145.833,-5.158,1992.0,Pseudanthias squamipinnis,
121.767,-14.067,1984.0,Pseudanthias squamipinnis,
123.0,-12.183,1987.0,Pseudanthias squamipinnis,
122.717,-10.917,,Pseudanthias squamipinnis,
145.8,-5.15,1992.0,Pseudanthias squamipinnis,
145.8,-5.15,1992.0,Pseudanthias squamipinnis,
34.740667,28.404867,2013.0,Pseudanthias squamipinnis,
120.8825,13.69936111,2011.0,Pseudanthias squamipinnis,
43.261681,-11.655118,1975.0,Pseudanthias squamipinnis,
43.265999,-11.559908,1975.0,Pseudanthias squamipinnis,
38.996367,22.427867,2012.0,Pseudanthias squamipinnis,
35.30615,27.638367,2013.0,Pseudanthias squamipinnis,
34.740667,28.404867,2013.0,Pseudanthias squamipinnis,
120.84204,13.673898,2014.0,Pseudanthias squamipinnis,
120.977417,13.507283,2015.0,Pseudanthias squamipinnis,
120.940167,13.523133,2015.0,Pseudanthias squamipinnis,
120.97805,13.507433,2015.0,Pseudanthias squamipinnis,
120.9836,13.51085,2015.0,Pseudanthias squamipinnis,
120.98825,13.516033,2015.0,Pseudanthias squamipinnis,
120.945633,13.524133,2015.0,Pseudanthias squamipinnis,
120.940967,13.513967,2015.0,Pseudanthias squamipinnis,
121.045167,13.571933,2015.0,Pseudanthias squamipinnis,
121.043117,13.5673,2015.0,Pseudanthias squamipinnis,
121.058167,13.546383,2015.0,Pseudanthias squamipinnis,
121.043033,13.56745,2015.0,Pseudanthias squamipinnis,
121.083333,13.55,2015.0,Pseudanthias squamipinnis,
121.066633,13.563917,2015.0,Pseudanthias squamipinnis,
121.042267,13.572117,2015.0,Pseudanthias squamipinnis,
121.04245,13.56725,2015.0,Pseudanthias squamipinnis,
121.056133,13.54715,2015.0,Pseudanthias squamipinnis,
121.098567,13.539383,2015.0,Pseudanthias squamipinnis,
121.0429,13.573167,2015.0,Pseudanthias squamipinnis,
121.094917,13.529133,2015.0,Pseudanthias squamipinnis,
38.8864,22.309966666,2014.0,Pseudanthias squamipinnis,
123.514556,9.1375,2016.0,Pseudanthias squamipinnis,
120.827278,13.688167,2016.0,Pseudanthias squamipinnis,
123.3074,9.307,1931.0,Pseudanthias squamipinnis,
178.399567,-18.159083,2002.0,Pseudanthias squamipinnis,
178.399567,-18.159083,2002.0,Pseudanthias squamipinnis,
178.399567,-18.159083,2002.0,Pseudanthias squamipinnis,
153.485,-26.976667,2008.0,Pseudanthias squamipinnis,
153.55,-27.416667,2005.0,Pseudanthias squamipinnis,
55.44528,-4.555902,1964.0,Pseudanthias squamipinnis,
55.433333,-4.566667,1964.0,Pseudanthias squamipinnis,
55.747863,-4.281338,1964.0,Pseudanthias squamipinnis,
53.310842,-5.417432,1964.0,Pseudanthias squamipinnis,
55.44528,-4.555902,1964.0,Pseudanthias squamipinnis,
53.310842,-5.417432,1964.0,Pseudanthias squamipinnis,
53.311529,-5.423584,1964.0,Pseudanthias squamipinnis,
53.311529,-5.423584,1964.0,Pseudanthias squamipinnis,
53.310842,-5.417432,1964.0,Pseudanthias squamipinnis,
55.528429,-4.614425,1964.0,Pseudanthias squamipinnis,
53.37715,-4.893352,1964.0,Pseudanthias squamipinnis,
53.310842,-5.417432,1964.0,Pseudanthias squamipinnis,
39.132435,21.75442,1977.0,Pseudanthias squamipinnis,
178.3993333,-18.1598333,,Pseudanthias squamipinnis,12.5
32.9,-26.76667,,Pseudanthias squamipinnis,
178.3993333,-18.1598333,,Pseudanthias squamipinnis,12.5
178.3993333,-18.1598333,,Pseudanthias squamipinnis,12.5
30.81667,-30.25,,Pseudanthias squamipinnis,25.0
30.81667,-30.25,,Pseudanthias squamipinnis,25.0
55.3608016968,-4.6596999168,,Pseudanthias squamipinnis,14.0
55.3608016968,-4.6596999168,,Pseudanthias squamipinnis,14.0
